ID_misurazioni,data_ora_server,data_ora_stazione,pioggia,uv,luce,pressione,umidita,temperatura,temperatura_interna,prov
1,2021-12-13 13:27:00.656660,2021-12-13 13:26:38.427136,0.0,63.48,7.65,1027.57,28.79,20.15,21.26,
2,2021-12-13 13:29:12.403571,2021-12-13 13:29:02.193944,0.0,63.48,7.51,1026.25,27.97,20.36,22.28,
3,2021-12-13 13:31:23.733182,2021-12-13 13:31:13.467348,0.0,63.48,7.74,1025.74,28.09,20.22,23.07,
4,2021-12-13 13:33:35.023826,2021-12-13 13:33:24.933730,0.0,58.59,8.11,1025.63,28.96,20.11,23.28,
5,2021-12-13 13:35:46.299563,2021-12-13 13:35:36.208627,0.0,63.48,8.2,1025.68,29.25,20.01,23.22,
6,2021-12-13 13:37:57.585182,2021-12-13 13:37:47.489768,0.0,58.59,7.79,1025.75,28.99,20.08,23.2,
7,2021-12-13 13:40:09.134921,2021-12-13 13:39:58.875432,0.0,58.59,7.19,1025.82,29.09,20.15,23.15,
8,2021-12-13 13:42:20.349185,2021-12-13 13:42:10.253695,0.0,58.59,6.82,1025.75,28.98,19.98,23.05,
9,2021-12-13 13:44:32.082343,2021-12-13 13:44:21.472021,0.0,53.71,6.68,1025.81,28.95,20.01,23.01,
10,2021-12-13 13:46:45.593182,2021-12-13 13:46:33.264350,0.0,48.83,6.64,1025.85,28.91,20.01,22.93,
11,2021-12-13 13:48:56.943273,2021-12-13 13:48:46.688839,0.0,39.06,6.45,1025.94,28.85,20.04,22.9,
12,2021-12-13 13:51:10.060698,2021-12-13 13:50:59.909344,0.0,34.18,6.41,1026.12,28.77,19.92,22.81,
13,2021-12-13 13:53:21.620378,2021-12-13 13:53:11.351833,0.0,34.18,6.36,1026.27,29.31,19.94,22.67,
14,2021-12-13 13:55:32.933119,2021-12-13 13:55:22.673324,0.0,34.18,6.22,1026.33,29.14,19.94,22.6,
15,2021-12-13 13:57:44.315192,2021-12-13 13:57:34.054910,0.0,34.18,6.17,1026.41,29.21,19.91,22.51,
16,2021-12-13 14:00:05.113925,2021-12-13 13:59:45.537804,0.0,34.18,6.04,1026.48,29.48,19.94,22.37,
17,2021-12-13 14:02:16.232360,2021-12-13 14:02:06.136375,0.0,34.18,5.9,1026.43,29.24,19.92,22.29,
18,2021-12-13 14:04:27.679007,2021-12-13 14:04:17.308338,0.0,39.06,5.78,1026.34,29.2,19.85,22.16,
19,2021-12-13 14:06:38.881247,2021-12-13 14:06:28.791803,0.0,43.95,5.69,1026.4,29.17,19.84,22.01,
20,2021-12-13 14:08:50.119931,2021-12-13 14:08:40.028002,0.0,43.95,5.67,1026.46,29.57,19.84,21.91,
21,2021-12-13 14:11:01.344061,2021-12-13 14:10:51.246038,0.0,43.95,5.55,1026.41,29.08,19.98,21.78,
22,2021-12-13 14:13:13.025944,2021-12-13 14:13:02.933852,0.0,43.95,5.39,1026.34,28.98,20.01,21.65,
23,2021-12-13 14:15:24.207367,2021-12-13 14:15:14.110403,0.0,39.06,5.23,1026.49,29.46,19.71,21.55,
24,2021-12-13 14:17:35.929502,2021-12-13 14:17:25.286947,0.0,34.18,5.0,1026.65,29.09,19.7,21.47,
25,2021-12-13 14:19:47.436919,2021-12-13 14:19:36.908155,0.0,34.18,4.91,1026.68,29.53,19.35,21.33,
26,2021-12-13 14:21:59.196952,2021-12-13 14:21:48.561438,0.0,29.3,4.82,1026.92,30.1,19.01,21.11,
27,2021-12-13 14:24:10.804648,2021-12-13 14:24:00.653062,0.0,29.3,4.75,1026.96,30.42,18.89,20.95,
28,2021-12-13 14:28:24.952618,2021-12-13 14:28:13.026063,0.0,29.3,4.54,1026.95,31.29,18.54,20.55,
29,2021-12-13 14:30:36.235545,2021-12-13 14:30:26.146079,0.0,29.3,4.45,1026.96,31.5,18.33,20.32,
30,2021-12-13 14:32:47.468462,2021-12-13 14:32:37.371121,0.0,29.3,4.42,1027.13,31.52,18.18,20.1,
31,2021-12-13 14:35:01.692818,2021-12-13 14:34:49.861934,0.0,29.3,4.1,1027.12,31.97,18.05,19.87,
32,2021-12-13 14:37:13.192396,2021-12-13 14:37:02.895689,0.0,34.18,3.99,1027.22,32.18,18.15,19.67,
33,2021-12-13 14:39:26.936934,2021-12-13 14:39:16.834790,0.0,34.18,3.85,1027.22,32.2,18.05,19.46,
34,2021-12-13 14:41:38.360966,2021-12-13 14:41:28.217808,0.0,29.3,3.69,1027.13,31.66,17.91,19.31,
35,2021-12-13 14:43:49.587094,2021-12-13 14:43:39.494579,0.0,24.41,3.57,1027.23,32.56,17.31,19.15,
36,2021-12-13 14:46:01.734774,2021-12-13 14:45:50.839121,0.0,29.3,3.46,1027.27,32.85,17.19,19.04,
37,2021-12-13 14:48:14.222293,2021-12-13 14:48:02.867862,0.0,29.3,3.36,1027.33,31.67,18.02,18.94,
38,2021-12-13 14:50:25.755662,2021-12-13 14:50:15.430823,0.0,29.3,3.27,1027.35,32.45,17.86,18.76,
39,2021-12-13 14:52:14.019634,2021-12-13 14:52:03.921653,0.0,29.3,3.16,1027.24,33.21,17.58,18.59,
40,2021-12-13 14:54:25.242806,2021-12-13 14:54:15.150374,0.0,29.3,2.97,1027.45,33.31,17.22,18.38,
41,2021-12-13 14:56:37.579778,2021-12-13 14:56:26.432260,0.0,29.3,2.11,1027.55,34.88,16.23,17.89,
42,2021-12-13 14:58:49.817657,2021-12-13 14:58:39.607514,0.0,29.3,1.95,1027.64,37.08,15.17,17.13,
43,2021-12-13 15:01:02.185015,2021-12-13 15:00:51.899612,0.0,29.3,1.87,1027.67,39.22,14.14,16.43,
44,2021-12-13 15:03:15.052310,2021-12-13 15:03:04.425447,0.0,24.41,1.8,1027.6,41.89,13.32,15.76,
45,2021-12-13 15:05:59.812505,2021-12-13 15:05:17.220488,0.0,24.41,1.72,1027.57,43.67,12.65,15.11,
46,2021-12-13 15:08:11.124696,2021-12-13 15:08:00.962003,0.0,24.41,1.64,1027.45,45.37,12.03,14.39,
47,2021-12-13 15:10:22.690946,2021-12-13 15:10:12.342949,0.0,24.41,1.58,1027.62,46.38,11.67,13.85,
48,2021-12-13 15:12:34.043574,2021-12-13 15:12:23.764231,0.0,29.3,1.52,1027.55,47.25,11.46,13.37,
49,2021-12-13 15:14:45.392556,2021-12-13 15:14:35.139878,0.0,29.3,1.45,1027.7,48.56,11.12,12.92,
50,2021-12-13 15:16:57.007105,2021-12-13 15:16:46.551754,0.0,24.41,1.38,1027.59,49.47,10.79,12.42,
51,2021-12-13 15:19:08.345380,2021-12-13 15:18:58.071641,0.0,29.3,1.29,1027.64,50.61,10.43,12.0,
52,2021-12-13 15:21:19.507485,2021-12-13 15:21:09.419468,0.0,29.3,1.2,1027.73,51.57,10.12,11.6,
53,2021-12-13 15:23:30.884503,2021-12-13 15:23:20.626910,0.0,24.41,1.12,1027.8,52.18,9.98,11.22,
54,2021-12-13 15:25:42.199932,2021-12-13 15:25:32.110726,0.0,24.41,1.03,1027.86,52.63,9.76,10.81,
55,2021-12-13 15:27:54.497728,2021-12-13 15:27:43.348155,0.0,24.41,0.97,1027.88,53.73,9.43,10.48,
56,2021-12-13 15:30:07.773280,2021-12-13 15:29:56.820659,0.0,24.41,0.9,1027.9,54.41,9.18,10.11,
57,2021-12-13 15:32:19.025826,2021-12-13 15:32:08.774105,0.0,24.41,0.84,1027.63,55.24,8.93,9.77,
58,2021-12-13 15:34:30.292777,2021-12-13 15:34:20.200347,0.0,24.41,0.75,1027.72,56.25,8.57,9.47,
59,2021-12-13 15:36:41.603028,2021-12-13 15:36:31.469588,0.0,24.41,0.68,1027.76,57.28,8.3,9.16,
60,2021-12-13 15:38:52.746960,2021-12-13 15:38:42.663348,0.0,29.3,0.61,1027.76,58.15,8.05,8.89,
61,2021-12-13 15:41:05.581376,2021-12-13 15:40:53.926551,0.0,29.3,0.54,1027.84,58.88,7.84,8.62,
62,2021-12-13 15:43:16.815913,2021-12-13 15:43:06.738068,0.0,29.3,0.46,1027.69,59.58,7.63,8.37,
63,2021-12-13 15:45:28.103155,2021-12-13 15:45:18.016421,0.0,29.3,0.4,1027.78,59.91,7.53,8.15,
64,2021-12-13 15:47:39.837514,2021-12-13 15:47:29.300994,0.0,24.41,0.34,1027.91,60.27,7.4,7.92,
65,2021-12-13 15:49:54.064347,2021-12-13 15:49:41.191103,0.0,24.41,0.28,1027.84,60.52,7.35,7.71,
66,2021-12-13 15:52:05.838826,2021-12-13 15:51:55.236865,0.0,24.41,0.23,1027.92,60.65,7.24,7.53,
67,2021-12-13 15:54:17.569447,2021-12-13 15:54:07.026395,0.0,24.41,0.18,1028.01,60.85,7.21,7.35,
68,2021-12-13 15:56:29.395666,2021-12-13 15:56:18.817854,0.0,29.3,0.14,1028.04,60.95,7.15,7.2,
69,2021-12-13 15:58:40.732791,2021-12-13 15:58:30.603864,0.0,24.41,0.11,1027.8,61.85,6.98,7.02,
70,2021-12-13 16:00:52.997042,2021-12-13 16:00:41.865829,0.0,24.41,0.08,1027.91,62.38,6.87,6.88,
71,2021-12-13 16:03:08.648872,2021-12-13 16:02:58.386726,0.0,24.41,0.06,1027.95,62.51,6.77,6.73,
72,2021-12-13 16:05:21.057794,2021-12-13 16:05:09.861639,0.0,24.41,0.05,1027.98,63.14,6.63,6.59,
73,2021-12-13 16:07:32.425805,2021-12-13 16:07:22.058713,0.0,24.41,0.03,1027.85,63.64,6.5,6.47,
74,2021-12-13 16:09:43.728501,2021-12-13 16:09:33.641032,0.0,29.3,0.02,1028.01,63.99,6.39,6.38,
75,2021-12-13 16:11:54.912562,2021-12-13 16:11:44.827758,0.0,29.3,0.02,1028.1,64.43,6.29,6.29,
76,2021-12-13 16:14:06.006431,2021-12-13 16:13:55.919490,0.0,24.41,0.01,1028.03,64.93,6.21,6.16,
77,2021-12-13 16:21:26.236825,2021-12-13 16:21:16.039345,0.0,24.41,0.0,1027.97,64.67,6.21,5.9,
78,2021-12-13 16:23:37.480341,2021-12-13 16:23:27.382011,0.0,24.41,0.0,1028.0,64.83,6.14,5.8,
79,2021-12-13 16:25:50.000505,2021-12-13 16:25:39.210027,0.0,24.41,0.0,1028.19,65.06,6.02,5.73,
80,2021-12-13 16:28:01.453875,2021-12-13 16:27:51.171845,0.0,19.53,0.0,1028.04,65.47,5.92,5.63,
81,2021-12-13 16:30:12.852908,2021-12-13 16:30:02.760639,0.0,24.41,0.0,1028.06,65.63,5.88,5.58,
82,2021-12-13 16:32:24.027429,2021-12-13 16:32:13.935411,0.0,19.53,0.0,1028.26,65.57,5.83,5.53,
83,2021-12-13 16:34:35.269657,2021-12-13 16:34:25.115449,0.0,24.41,0.0,1028.11,65.74,5.84,5.47,
84,2021-12-13 16:36:46.477243,2021-12-13 16:36:36.384747,0.0,24.41,0.0,1028.13,65.69,5.87,5.43,
85,2021-12-13 16:39:05.454591,2021-12-13 16:38:55.240549,0.0,24.41,0.0,1028.14,65.57,5.86,5.4,
86,2021-12-13 16:41:17.577495,2021-12-13 16:41:06.521979,0.0,24.41,0.0,1028.09,65.57,5.84,5.36,
87,2021-12-13 16:43:28.816678,2021-12-13 16:43:18.718922,0.0,19.53,0.0,1028.22,65.96,5.81,5.35,
88,2021-12-13 16:47:40.651700,2021-12-13 16:47:30.525410,0.0,24.41,0.0,1028.1,66.24,5.78,5.27,
89,2021-12-13 16:49:52.484612,2021-12-13 16:49:41.903494,0.0,24.41,0.0,1028.11,66.5,5.64,5.22,
90,2021-12-13 16:52:04.262047,2021-12-13 16:51:53.799330,0.0,24.41,0.0,1028.23,66.71,5.6,5.18,
91,2021-12-13 16:54:15.755739,2021-12-13 16:54:05.485552,0.0,19.53,0.0,1028.22,66.84,5.51,5.14,
92,2021-12-13 16:56:27.651499,2021-12-13 16:56:16.966454,0.0,24.41,0.0,1028.21,66.92,5.47,5.11,
93,2021-12-13 16:58:38.854769,2021-12-13 16:58:28.759747,0.0,24.41,0.0,1028.22,67.08,5.45,5.05,
94,2021-12-13 17:00:50.134843,2021-12-13 17:00:40.037042,0.0,19.53,0.0,1028.42,67.05,5.45,5.02,
95,2021-12-13 17:03:01.411603,2021-12-13 17:02:51.311286,0.0,24.41,0.0,1028.35,67.15,5.39,4.96,
96,2021-12-13 17:05:22.634798,2021-12-13 17:05:02.590425,0.0,24.41,0.0,1028.46,67.1,5.39,4.91,
97,2021-12-13 17:07:33.866413,2021-12-13 17:07:23.769483,0.0,24.41,0.0,1028.54,66.93,5.4,4.9,
98,2021-12-13 17:09:49.480129,2021-12-13 17:09:39.293026,0.0,24.41,0.0,1028.55,67.1,5.42,4.87,
99,2021-12-13 17:12:00.927019,2021-12-13 17:11:50.657815,0.0,24.41,0.0,1028.32,67.03,5.35,4.82,
100,2021-12-13 17:14:12.623789,2021-12-13 17:14:02.039730,0.0,24.41,0.0,1028.43,67.51,5.32,4.79,
101,2021-12-13 17:16:24.203837,2021-12-13 17:16:13.667374,0.0,24.41,0.0,1028.47,67.66,5.26,4.78,
102,2021-12-13 17:18:35.520015,2021-12-13 17:18:25.414417,0.0,24.41,0.0,1028.52,67.59,5.3,4.78,
103,2021-12-13 17:20:46.780151,2021-12-13 17:20:36.689690,0.0,29.3,0.0,1028.55,67.45,5.3,4.76,
104,2021-12-13 17:22:58.245949,2021-12-13 17:22:47.971066,0.0,24.41,0.0,1028.34,67.42,5.28,4.73,
105,2021-12-13 17:25:13.916007,2021-12-13 17:25:03.752521,0.0,24.41,0.0,1028.4,67.21,5.23,4.69,
106,2021-12-13 17:27:25.177146,2021-12-13 17:27:15.081451,0.0,24.41,0.0,1028.53,67.32,5.23,4.69,
107,2021-12-13 17:29:36.506230,2021-12-13 17:29:26.410674,0.0,24.41,0.0,1028.45,67.32,5.22,4.66,
108,2021-12-13 17:31:55.361544,2021-12-13 17:31:45.265178,0.0,24.41,0.0,1028.48,67.79,5.18,4.62,
109,2021-12-13 17:34:06.909429,2021-12-13 17:33:56.646762,0.0,19.53,0.0,1028.38,67.71,5.19,4.61,
110,2021-12-13 17:36:18.317941,2021-12-13 17:36:08.052112,0.0,24.41,0.0,1028.47,67.76,5.16,4.6,
111,2021-12-13 17:38:29.606881,2021-12-13 17:38:19.508547,0.0,19.53,0.0,1028.63,67.91,5.06,4.6,
112,2021-12-13 17:40:40.956450,2021-12-13 17:40:30.683068,0.0,29.3,0.0,1028.46,67.94,5.06,4.55,
113,2021-12-13 17:42:52.798640,2021-12-13 17:42:42.678732,0.0,24.41,0.0,1028.52,67.77,5.09,4.54,
114,2021-12-13 17:45:04.361127,2021-12-13 17:44:54.258374,0.0,29.3,0.0,1028.47,67.63,5.09,4.52,
115,2021-12-13 17:47:18.715082,2021-12-13 17:47:08.614213,0.0,24.41,0.0,1028.61,67.82,5.06,4.52,
116,2021-12-13 17:49:29.885247,2021-12-13 17:49:19.787164,0.0,24.41,0.0,1028.48,67.79,5.05,4.49,
117,2021-12-13 17:51:42.209374,2021-12-13 17:51:31.062483,0.0,24.41,0.0,1028.73,68.02,5.04,4.48,
118,2021-12-13 17:53:53.980054,2021-12-13 17:53:43.404576,0.0,24.41,0.0,1028.6,67.83,5.08,4.46,
119,2021-12-13 17:56:05.779153,2021-12-13 17:55:55.263908,0.0,29.3,0.0,1028.64,68.23,4.98,4.43,
120,2021-12-13 17:58:16.980212,2021-12-13 17:58:06.884596,0.0,29.3,0.0,1028.67,68.26,5.02,4.43,
121,2021-12-13 18:00:28.445223,2021-12-13 18:00:18.228609,0.0,24.41,0.0,1028.65,68.34,4.97,4.42,
122,2021-12-13 18:02:43.590054,2021-12-13 18:02:33.393756,0.0,29.3,0.0,1028.78,68.44,4.93,4.43,
123,2021-12-13 18:04:57.278275,2021-12-13 18:04:44.795477,0.0,24.41,0.0,1028.7,68.22,4.93,4.39,
124,2021-12-13 18:07:08.629314,2021-12-13 18:06:58.409524,0.0,29.3,0.0,1028.75,68.17,4.97,4.39,
125,2021-12-13 18:09:19.888418,2021-12-13 18:09:09.790066,0.0,24.41,0.0,1028.9,68.23,5.01,4.42,
126,2021-12-13 18:11:31.288405,2021-12-13 18:11:21.066569,0.0,29.3,0.0,1028.77,68.04,5.04,4.42,
127,2021-12-13 18:13:42.531346,2021-12-13 18:13:32.373844,0.0,24.41,0.0,1028.75,68.14,4.97,4.41,
128,2021-12-13 18:15:53.705855,2021-12-13 18:15:43.607063,0.0,24.41,0.0,1028.59,68.1,4.91,4.39,
129,2021-12-13 18:18:09.911635,2021-12-13 18:17:59.814920,0.0,24.41,0.0,1028.73,68.33,4.91,4.4,
130,2021-12-13 18:20:21.393478,2021-12-13 18:20:11.196274,0.0,24.41,0.0,1028.65,68.19,4.95,4.38,
131,2021-12-13 18:22:33.053915,2021-12-13 18:22:22.779376,0.0,24.41,0.0,1028.82,68.51,4.85,4.39,
132,2021-12-13 18:24:44.362403,2021-12-13 18:24:34.266325,0.0,29.3,0.0,1028.82,68.24,4.91,4.39,
133,2021-12-13 18:26:56.455498,2021-12-13 18:26:45.647327,0.0,24.41,0.0,1028.88,67.84,5.0,4.37,
134,2021-12-13 18:29:07.626522,2021-12-13 18:28:57.533163,0.0,24.41,0.0,1028.81,67.8,4.91,4.31,
135,2021-12-13 18:31:19.093403,2021-12-13 18:31:08.819326,0.0,29.3,0.0,1028.99,68.07,4.87,4.27,
136,2021-12-13 18:33:30.302714,2021-12-13 18:33:20.198709,0.0,24.41,0.0,1028.91,68.28,4.8,4.22,
137,2021-12-13 18:35:41.834883,2021-12-13 18:35:31.677619,0.0,19.53,0.0,1028.81,68.5,4.77,4.18,
138,2021-12-13 18:37:53.641178,2021-12-13 18:37:43.265019,0.0,24.41,0.0,1028.92,68.44,4.77,4.16,
139,2021-12-13 18:40:05.056525,2021-12-13 18:39:54.798731,0.0,24.41,0.0,1028.92,68.34,4.84,4.21,
140,2021-12-13 18:42:21.274916,2021-12-13 18:42:06.108323,0.0,24.41,0.0,1028.99,67.98,4.87,4.21,
141,2021-12-13 18:44:32.519270,2021-12-13 18:44:22.426084,0.0,19.53,0.0,1028.81,68.04,4.75,4.19,
142,2021-12-13 18:46:43.921762,2021-12-13 18:46:33.699585,0.0,24.41,0.0,1028.86,68.48,4.7,4.19,
143,2021-12-13 18:48:55.106890,2021-12-13 18:48:45.013433,0.0,24.41,0.0,1029.07,68.67,4.66,4.16,
144,2021-12-13 18:51:06.352140,2021-12-13 18:50:56.254875,0.0,24.41,0.0,1029.07,68.61,4.64,4.12,
145,2021-12-13 18:53:17.734234,2021-12-13 18:53:07.635623,0.0,24.41,0.0,1029.11,69.0,4.63,4.09,
146,2021-12-13 18:55:40.795220,2021-12-13 18:55:19.116613,0.0,29.3,0.0,1028.99,68.84,4.7,4.11,
147,2021-12-13 18:57:52.169789,2021-12-13 18:57:42.070219,0.0,24.41,0.0,1028.97,68.19,4.8,4.15,
148,2021-12-13 19:00:03.498072,2021-12-13 18:59:53.399570,0.0,24.41,0.0,1028.92,68.1,4.87,4.19,
149,2021-12-13 19:02:14.745602,2021-12-13 19:02:04.523826,0.0,24.41,0.0,1029.16,68.12,4.83,4.21,
150,2021-12-13 19:04:26.087098,2021-12-13 19:04:15.819622,0.0,19.53,0.0,1028.91,68.42,4.83,4.18,
151,2021-12-13 19:06:37.373722,2021-12-13 19:06:27.289446,0.0,19.53,0.0,1028.98,68.61,4.77,4.19,
152,2021-12-13 19:08:48.490545,2021-12-13 19:08:38.394954,0.0,29.3,0.0,1028.85,68.66,4.75,4.15,
153,2021-12-13 19:11:00.201611,2021-12-13 19:10:49.737860,0.0,24.41,0.0,1029.07,68.76,4.71,4.17,
154,2021-12-13 19:13:12.124665,2021-12-13 19:13:01.423907,0.0,24.41,0.0,1029.06,68.71,4.71,4.16,
155,2021-12-13 19:15:24.653618,2021-12-13 19:15:14.559214,0.0,24.41,0.0,1029.06,69.02,4.6,4.13,
156,2021-12-13 19:17:36.871544,2021-12-13 19:17:25.882388,0.0,24.41,0.0,1029.0,69.04,4.57,4.12,
157,2021-12-13 19:19:49.515153,2021-12-13 19:19:38.126972,0.0,24.41,0.0,1028.93,69.15,4.56,4.12,
158,2021-12-13 19:22:00.628718,2021-12-13 19:21:50.533025,0.0,19.53,0.0,1028.9,69.12,4.56,4.08,
159,2021-12-13 19:24:11.910196,2021-12-13 19:24:01.812950,0.0,24.41,0.0,1029.08,69.39,4.52,4.07,
160,2021-12-13 19:26:23.653287,2021-12-13 19:26:13.088694,0.0,24.41,0.0,1029.05,69.68,4.43,4.03,
161,2021-12-13 19:28:35.043385,2021-12-13 19:28:24.776039,0.0,19.53,0.0,1029.08,69.78,4.37,4.02,
162,2021-12-13 19:30:46.347399,2021-12-13 19:30:36.256036,0.0,19.53,0.0,1029.04,69.86,4.33,3.98,
163,2021-12-13 19:32:57.627976,2021-12-13 19:32:47.534824,0.0,24.41,0.0,1029.03,69.69,4.46,3.98,
164,2021-12-13 19:35:12.835364,2021-12-13 19:35:02.402234,0.0,24.41,0.0,1029.14,69.63,4.43,3.97,
165,2021-12-13 19:37:24.176199,2021-12-13 19:37:14.086260,0.0,19.53,0.0,1029.0,69.7,4.5,3.98,
166,2021-12-13 19:39:35.631960,2021-12-13 19:39:25.360758,0.0,24.41,0.0,1028.93,69.4,4.57,3.98,
167,2021-12-13 19:41:47.511025,2021-12-13 19:41:36.948641,0.0,24.41,0.0,1029.07,69.59,4.52,4.0,
168,2021-12-13 19:43:59.207526,2021-12-13 19:43:48.944257,0.0,19.53,0.0,1028.96,69.72,4.46,4.0,
169,2021-12-13 19:46:11.102999,2021-12-13 19:46:00.836744,0.0,19.53,0.0,1029.0,69.56,4.52,4.01,
170,2021-12-13 19:48:22.413173,2021-12-13 19:48:12.319655,0.0,24.41,0.0,1028.99,69.42,4.53,4.01,
171,2021-12-13 19:50:33.693562,2021-12-13 19:50:23.594510,0.0,24.41,0.0,1029.11,69.34,4.5,3.98,
172,2021-12-13 19:52:45.164759,2021-12-13 19:52:35.073492,0.0,24.41,0.0,1029.12,69.69,4.46,3.96,
173,2021-12-13 19:54:56.324733,2021-12-13 19:54:46.233110,0.0,24.41,0.0,1029.11,69.66,4.46,3.95,
174,2021-12-13 19:57:09.913111,2021-12-13 19:56:57.534286,0.0,29.3,0.0,1029.13,69.69,4.47,3.95,
175,2021-12-13 19:59:21.483332,2021-12-13 19:59:11.167273,0.0,19.53,0.0,1028.98,69.59,4.39,3.89,
176,2021-12-13 20:01:33.189217,2021-12-13 20:01:22.897023,0.0,24.41,0.0,1029.21,69.93,4.3,3.86,
177,2021-12-13 20:03:44.862365,2021-12-13 20:03:34.334277,0.0,34.18,0.0,1029.05,70.11,4.36,3.85,
178,2021-12-13 20:05:56.527769,2021-12-13 20:05:46.225542,0.0,24.41,0.0,1029.06,70.09,4.37,3.85,
179,2021-12-13 20:08:07.984152,2021-12-13 20:07:57.713814,0.0,24.41,0.0,1029.06,70.13,4.3,3.82,
180,2021-12-13 20:10:19.293200,2021-12-13 20:10:09.196022,0.0,24.41,0.0,1029.09,70.39,4.22,3.8,
181,2021-12-13 20:12:30.523315,2021-12-13 20:12:20.428233,0.0,24.41,0.0,1029.26,70.65,4.16,3.79,
182,2021-12-13 20:14:41.925531,2021-12-13 20:14:31.647019,0.0,29.3,0.0,1029.3,70.65,4.16,3.77,
183,2021-12-13 20:16:54.235544,2021-12-13 20:16:44.140816,0.0,24.41,0.0,1029.35,70.27,4.19,3.76,
184,2021-12-13 20:21:09.875942,2021-12-13 20:20:58.615670,0.0,29.3,0.0,1029.35,70.31,4.26,3.73,
185,2021-12-13 20:23:21.224225,2021-12-13 20:23:11.124887,0.0,24.41,0.0,1029.48,70.5,4.22,3.77,
186,2021-12-13 20:25:32.605863,2021-12-13 20:25:22.299577,0.0,24.41,0.0,1029.26,70.55,4.19,3.73,
187,2021-12-13 20:27:44.043052,2021-12-13 20:27:33.885773,0.0,24.41,0.0,1029.19,70.52,4.16,3.7,
188,2021-12-13 20:29:55.359733,2021-12-13 20:29:45.264104,0.0,24.41,0.0,1029.26,70.92,4.09,3.67,
189,2021-12-13 20:32:08.955945,2021-12-13 20:31:56.546850,0.0,29.3,0.0,1029.21,70.87,4.11,3.67,
190,2021-12-13 20:34:20.790295,2021-12-13 20:34:10.524145,0.0,29.3,0.0,1029.14,71.0,4.07,3.67,
191,2021-12-13 20:36:32.443878,2021-12-13 20:36:22.174134,0.0,24.41,0.0,1029.25,70.94,4.08,3.64,
192,2021-12-13 20:38:43.809569,2021-12-13 20:38:33.653952,0.0,24.41,0.0,1029.31,71.07,4.02,3.62,
193,2021-12-13 20:40:55.066073,2021-12-13 20:40:44.968425,0.0,24.41,0.0,1029.29,71.02,4.08,3.59,
194,2021-12-13 20:43:06.585767,2021-12-13 20:42:56.310449,0.0,24.41,0.0,1029.13,70.92,4.09,3.58,
195,2021-12-13 20:45:18.867422,2021-12-13 20:45:07.691839,0.0,24.41,0.0,1029.34,70.94,4.08,3.59,
196,2021-12-13 20:47:30.491750,2021-12-13 20:47:20.098369,0.0,19.53,0.0,1029.29,70.97,4.07,3.58,
197,2021-12-13 20:49:42.049575,2021-12-13 20:49:31.612743,0.0,24.41,0.0,1029.27,71.24,4.08,3.56,
198,2021-12-13 20:51:53.675853,2021-12-13 20:51:43.163456,0.0,19.53,0.0,1029.24,71.19,4.08,3.56,
199,2021-12-13 20:54:06.057547,2021-12-13 20:53:54.856364,0.0,24.41,0.0,1029.29,70.94,4.09,3.54,
200,2021-12-13 20:56:17.631206,2021-12-13 20:56:07.256752,0.0,24.41,0.0,1029.27,71.02,4.04,3.53,
201,2021-12-13 20:58:29.045440,2021-12-13 20:58:18.763633,0.0,24.41,0.0,1029.31,70.8,4.07,3.58,
202,2021-12-13 21:00:40.347632,2021-12-13 21:00:30.079480,0.0,24.41,0.0,1029.32,70.46,4.15,3.59,
203,2021-12-13 21:02:51.591823,2021-12-13 21:02:41.496786,0.0,29.3,0.0,1029.31,70.68,4.15,3.58,
204,2021-12-13 21:05:03.050261,2021-12-13 21:04:52.609567,0.0,24.41,0.0,1029.16,70.88,4.2,3.6,
205,2021-12-13 21:07:14.419422,2021-12-13 21:07:04.264967,0.0,19.53,0.0,1029.26,70.7,4.23,3.62,
206,2021-12-13 21:09:25.780991,2021-12-13 21:09:15.504429,0.0,24.41,0.0,1029.26,70.48,4.14,3.61,
207,2021-12-13 21:11:39.515438,2021-12-13 21:11:27.043438,0.0,24.41,0.0,1029.24,70.62,4.14,3.62,
208,2021-12-13 21:13:50.811812,2021-12-13 21:13:40.715000,0.0,24.41,0.0,1029.22,70.57,4.16,3.65,
209,2021-12-13 21:16:02.366296,2021-12-13 21:15:52.099672,0.0,24.41,0.0,1029.15,70.39,4.2,3.65,
210,2021-12-13 21:18:13.880512,2021-12-13 21:18:03.784638,0.0,24.41,0.0,1029.18,70.36,4.2,3.67,
211,2021-12-13 21:20:25.371039,2021-12-13 21:20:15.101876,0.0,24.41,0.0,1029.24,70.41,4.18,3.67,
212,2021-12-13 21:22:36.740037,2021-12-13 21:22:26.646619,0.0,24.41,0.0,1029.19,70.75,4.11,3.65,
213,2021-12-13 21:24:48.167800,2021-12-13 21:24:38.067856,0.0,29.3,0.0,1029.37,70.76,4.15,3.67,
214,2021-12-13 21:26:59.605699,2021-12-13 21:26:49.507834,0.0,24.41,0.0,1029.22,70.5,4.23,3.66,
215,2021-12-13 21:29:11.505311,2021-12-13 21:29:00.927402,0.0,24.41,0.0,1029.3,70.44,4.18,3.67,
216,2021-12-13 21:31:22.717334,2021-12-13 21:31:12.619965,0.0,19.53,0.0,1029.23,70.29,4.15,3.65,
217,2021-12-13 21:35:34.622351,2021-12-13 21:35:24.527596,0.0,24.41,0.0,1029.4,70.41,4.05,3.59,
218,2021-12-13 21:37:46.079787,2021-12-13 21:37:35.802294,0.0,19.53,0.0,1029.29,70.89,3.94,3.54,
219,2021-12-13 21:39:57.476674,2021-12-13 21:39:47.199456,0.0,24.41,0.0,1029.38,70.89,3.94,3.5,
220,2021-12-13 21:42:08.965905,2021-12-13 21:41:58.867953,0.0,24.41,0.0,1029.37,70.89,3.94,3.45,
221,2021-12-13 21:44:20.248171,2021-12-13 21:44:10.148242,0.0,24.41,0.0,1029.56,71.11,3.98,3.46,
222,2021-12-13 21:46:32.070179,2021-12-13 21:46:21.408199,0.0,24.41,0.0,1029.56,70.83,3.95,3.45,
223,2021-12-13 21:48:43.398405,2021-12-13 21:48:33.243015,0.0,24.41,0.0,1029.53,71.24,3.92,3.44,
224,2021-12-13 21:50:54.690709,2021-12-13 21:50:44.600834,0.0,24.41,0.0,1029.73,70.87,3.97,3.45,
225,2021-12-13 21:53:06.314593,2021-12-13 21:52:55.902591,0.0,24.41,0.0,1029.49,70.82,4.02,3.45,
226,2021-12-13 21:55:17.848144,2021-12-13 21:55:07.562278,0.0,24.41,0.0,1029.51,70.64,3.95,3.45,
227,2021-12-13 21:57:29.140102,2021-12-13 21:57:19.043014,0.0,24.41,0.0,1029.49,70.78,3.94,3.45,
228,2021-12-13 21:59:40.319823,2021-12-13 21:59:30.221458,0.0,29.3,0.0,1029.53,71.14,3.95,3.46,
229,2021-12-13 22:01:51.491077,2021-12-13 22:01:41.394777,0.0,24.41,0.0,1029.34,70.91,3.94,3.45,
230,2021-12-13 22:04:02.857765,2021-12-13 22:03:52.574146,0.0,29.3,0.0,1029.55,70.89,3.94,3.45,
231,2021-12-13 22:06:23.518956,2021-12-13 22:06:04.053093,0.0,24.41,0.0,1029.63,71.13,3.91,3.44,
232,2021-12-13 22:08:34.750060,2021-12-13 22:08:24.649082,0.0,24.41,0.0,1029.56,70.83,3.91,3.42,
233,2021-12-13 22:10:51.120202,2021-12-13 22:10:35.930134,0.0,24.41,0.0,1029.55,71.01,3.87,3.41,
234,2021-12-13 22:13:02.512547,2021-12-13 22:12:52.280446,0.0,24.41,0.0,1029.55,70.83,3.91,3.38,
235,2021-12-13 22:15:14.015315,2021-12-13 22:15:03.809943,0.0,24.41,0.0,1029.56,70.69,3.91,3.36,
236,2021-12-13 22:17:25.563639,2021-12-13 22:17:15.194809,0.0,24.41,0.0,1029.7,71.15,3.9,3.38,
237,2021-12-13 22:19:36.875204,2021-12-13 22:19:26.776225,0.0,24.41,0.0,1029.61,70.98,3.87,3.36,
238,2021-12-13 22:21:55.521660,2021-12-13 22:21:43.135990,0.0,29.3,0.0,1029.68,71.18,3.9,3.36,
239,2021-12-13 22:24:06.804715,2021-12-13 22:23:56.708062,0.0,24.41,0.0,1029.65,70.89,3.84,3.34,
240,2021-12-13 22:26:17.929323,2021-12-13 22:26:07.835375,0.0,24.41,0.0,1029.76,71.18,3.75,3.31,
241,2021-12-13 22:28:29.428329,2021-12-13 22:28:19.156235,0.0,29.3,0.0,1029.59,71.5,3.71,3.3,
242,2021-12-13 22:30:40.640126,2021-12-13 22:30:30.437141,0.0,24.41,0.0,1029.55,71.27,3.78,3.3,
243,2021-12-13 22:32:51.773835,2021-12-13 22:32:41.677082,0.0,24.41,0.0,1029.69,71.27,3.8,3.33,
244,2021-12-13 22:35:03.085412,2021-12-13 22:34:52.990935,0.0,19.53,0.0,1029.42,71.38,3.78,3.3,
245,2021-12-13 22:37:17.915812,2021-12-13 22:37:07.342566,0.0,24.41,0.0,1029.69,71.46,3.8,3.33,
246,2021-12-13 22:39:35.371842,2021-12-13 22:39:24.251464,0.0,29.3,0.0,1029.51,71.04,3.9,3.34,
247,2021-12-13 22:41:46.825325,2021-12-13 22:41:36.552499,0.0,24.41,0.0,1029.62,70.86,3.92,3.37,
248,2021-12-13 22:44:00.944919,2021-12-13 22:43:50.087399,0.0,24.41,0.0,1029.59,70.65,3.99,3.41,
249,2021-12-13 22:46:12.613264,2021-12-13 22:46:02.081988,0.0,19.53,0.0,1029.61,70.25,4.05,3.47,
250,2021-12-13 22:48:33.195598,2021-12-13 22:48:13.741077,0.0,24.41,0.0,1029.47,70.5,4.08,3.49,
251,2021-12-13 22:50:44.697057,2021-12-13 22:50:34.467492,0.0,24.41,0.0,1029.65,70.45,4.11,3.52,
252,2021-12-13 22:52:59.633167,2021-12-13 22:52:49.126313,0.0,24.41,0.0,1029.74,70.27,4.02,3.53,
253,2021-12-13 22:55:11.120837,2021-12-13 22:55:00.910407,0.0,24.41,0.0,1029.56,70.78,3.98,3.49,
254,2021-12-13 22:57:22.492449,2021-12-13 22:57:12.396230,0.0,24.41,0.0,1029.51,70.81,3.98,3.49,
255,2021-12-13 22:59:33.692479,2021-12-13 22:59:23.571372,0.0,24.41,0.0,1029.65,70.7,3.98,3.49,
256,2021-12-13 23:01:45.460964,2021-12-13 23:01:34.949770,0.0,24.41,0.0,1029.55,70.84,3.97,3.47,
257,2021-12-13 23:03:56.633364,2021-12-13 23:03:46.535964,0.0,24.41,0.0,1029.67,70.73,3.98,3.48,
258,2021-12-13 23:06:08.743651,2021-12-13 23:05:58.018221,0.0,24.41,0.0,1029.72,70.47,4.05,3.52,
259,2021-12-13 23:08:20.584976,2021-12-13 23:08:10.013886,0.0,24.41,0.0,1029.65,70.13,4.04,3.52,
260,2021-12-13 23:10:32.234551,2021-12-13 23:10:21.674349,0.0,24.41,0.0,1029.63,70.27,4.05,3.52,
261,2021-12-13 23:12:43.483580,2021-12-13 23:12:33.386750,0.0,19.53,0.0,1029.54,70.73,3.97,3.52,
262,2021-12-13 23:14:54.855040,2021-12-13 23:14:44.759856,0.0,29.3,0.0,1029.85,70.55,3.92,3.52,
263,2021-12-13 23:17:06.716518,2021-12-13 23:16:56.146225,0.0,29.3,0.0,1029.64,69.18,4.25,3.56,
264,2021-12-13 23:19:19.205758,2021-12-13 23:19:08.041293,0.0,24.41,0.0,1029.56,68.85,4.42,3.63,
265,2021-12-13 23:21:31.426563,2021-12-13 23:21:20.443513,0.0,24.41,0.0,1029.61,68.97,4.36,3.7,
266,2021-12-13 23:23:42.767904,2021-12-13 23:23:32.542071,0.0,24.41,0.0,1029.86,69.13,4.3,3.73,
267,2021-12-13 23:27:55.534917,2021-12-13 23:27:44.375041,0.0,24.41,0.0,1029.67,70.0,4.05,3.69,
268,2021-12-13 23:30:07.853957,2021-12-13 23:29:56.749039,0.0,29.3,0.0,1029.81,69.44,4.2,3.73,
269,2021-12-13 23:32:19.160208,2021-12-13 23:32:08.951002,0.0,19.53,0.0,1029.63,69.3,4.19,3.7,
270,2021-12-13 23:34:30.500468,2021-12-13 23:34:20.226371,0.0,24.41,0.0,1029.53,69.9,4.11,3.68,
271,2021-12-13 23:36:43.913800,2021-12-13 23:36:31.610036,0.0,24.41,0.0,1029.66,69.86,4.07,3.65,
272,2021-12-13 23:38:55.127471,2021-12-13 23:38:45.034795,0.0,24.41,0.0,1029.72,70.34,3.95,3.64,
273,2021-12-13 23:41:07.042258,2021-12-13 23:40:56.520368,0.0,24.41,0.0,1029.7,70.59,3.84,3.6,
274,2021-12-13 23:43:18.811520,2021-12-13 23:43:08.206992,0.0,24.41,0.0,1029.78,70.78,3.81,3.55,
275,2021-12-13 23:47:31.744624,2021-12-13 23:47:20.425486,0.0,24.41,0.0,1029.85,70.59,3.82,3.46,
276,2021-12-13 23:49:42.978953,2021-12-13 23:49:32.825159,0.0,29.3,0.0,1029.82,70.34,3.82,3.42,
277,2021-12-13 23:51:54.190167,2021-12-13 23:51:44.101114,0.0,24.41,0.0,1029.84,70.16,3.88,3.41,
278,2021-12-13 23:54:05.648081,2021-12-13 23:53:55.381191,0.0,24.41,0.0,1029.57,70.51,3.84,3.36,
279,2021-12-13 23:56:16.884868,2021-12-13 23:56:06.614100,0.0,19.53,0.0,1029.6,70.61,3.81,3.35,
280,2021-12-13 23:58:29.073547,2021-12-13 23:58:17.916826,0.0,24.41,0.0,1029.65,70.94,3.78,3.35,
281,2021-12-14 00:00:40.332848,2021-12-14 00:00:30.238917,0.0,24.41,0.0,1029.7,71.02,3.78,3.34,
282,2021-12-14 00:02:51.612332,2021-12-14 00:02:41.516936,0.0,24.41,0.0,1029.7,70.82,3.73,3.35,
283,2021-12-14 00:05:03.498428,2021-12-14 00:04:52.719773,0.0,24.41,0.0,1029.64,71.02,3.64,3.3,
284,2021-12-14 00:07:15.556012,2021-12-14 00:07:04.891267,0.0,29.3,0.0,1029.77,71.46,3.52,3.29,
285,2021-12-14 00:09:27.433446,2021-12-14 00:09:16.682842,0.0,29.3,0.0,1029.61,71.77,3.52,3.22,
286,2021-12-14 00:11:38.670120,2021-12-14 00:11:28.575799,0.0,19.53,0.0,1029.67,71.75,3.57,3.21,
287,2021-12-14 00:13:50.433987,2021-12-14 00:13:39.853814,0.0,24.41,0.0,1029.61,71.84,3.62,3.19,
288,2021-12-14 00:16:01.809244,2021-12-14 00:15:51.541228,0.0,24.41,0.0,1029.57,71.47,3.57,3.16,
289,2021-12-14 00:18:13.532640,2021-12-14 00:18:03.022668,0.0,24.41,0.0,1029.65,71.56,3.47,3.14,
290,2021-12-14 00:20:25.008672,2021-12-14 00:20:14.915753,0.0,29.3,0.0,1029.94,71.96,3.42,3.11,
291,2021-12-14 00:22:37.183974,2021-12-14 00:22:26.196271,0.0,24.41,0.0,1029.7,71.82,3.4,3.03,
292,2021-12-14 00:24:51.355949,2021-12-14 00:24:41.260704,0.0,24.41,0.0,1029.58,72.17,3.35,2.94,
293,2021-12-14 00:27:02.947943,2021-12-14 00:26:52.744220,0.0,24.41,0.0,1029.58,71.77,3.39,2.91,
294,2021-12-14 00:29:14.723156,2021-12-14 00:29:04.226560,0.0,24.41,0.0,1029.68,72.02,3.43,2.92,
295,2021-12-14 00:31:26.541538,2021-12-14 00:31:15.977741,0.0,24.41,0.0,1029.73,71.48,3.32,2.88,
296,2021-12-14 00:33:37.897962,2021-12-14 00:33:27.806535,0.0,24.41,0.0,1029.53,72.63,3.19,2.83,
297,2021-12-14 00:35:49.073381,2021-12-14 00:35:38.981563,0.0,24.41,0.0,1029.59,72.72,3.22,2.81,
298,2021-12-14 00:38:00.396475,2021-12-14 00:37:50.298809,0.0,19.53,0.0,1029.64,72.38,3.29,2.79,
299,2021-12-14 00:40:12.210012,2021-12-14 00:40:01.847347,0.0,29.3,0.0,1029.7,72.53,3.26,2.76,
300,2021-12-14 00:42:24.595037,2021-12-14 00:42:13.339507,0.0,29.3,0.0,1029.46,72.45,3.25,2.71,
301,2021-12-14 00:44:36.452688,2021-12-14 00:44:25.936508,0.0,24.41,0.0,1029.7,72.69,3.22,2.7,
302,2021-12-14 00:46:48.100497,2021-12-14 00:46:37.830711,0.0,24.41,0.0,1029.61,72.78,3.27,2.72,
303,2021-12-14 00:49:01.912396,2021-12-14 00:48:49.413689,0.0,24.41,0.0,1029.7,72.73,3.29,2.74,
304,2021-12-14 00:51:15.594718,2021-12-14 00:51:03.031195,0.0,24.41,0.0,1029.77,72.94,3.26,2.74,
305,2021-12-14 00:53:26.878527,2021-12-14 00:53:16.781802,0.0,24.41,0.0,1029.85,72.65,3.29,2.75,
306,2021-12-14 00:55:38.053983,2021-12-14 00:55:27.962555,0.0,24.41,0.0,1029.8,72.93,3.21,2.74,
307,2021-12-14 00:57:49.707380,2021-12-14 00:57:39.440487,0.0,19.53,0.0,1029.72,73.2,3.18,2.72,
308,2021-12-14 01:00:02.106090,2021-12-14 00:59:50.925461,0.0,29.3,0.0,1029.64,73.19,3.16,2.69,
309,2021-12-14 01:02:13.455901,2021-12-14 01:02:03.226904,0.0,24.41,0.0,1029.61,72.89,3.16,2.68,
310,2021-12-14 01:04:24.695366,2021-12-14 01:04:14.608204,0.0,24.41,0.0,1029.55,72.95,3.16,2.66,
311,2021-12-14 01:06:36.089740,2021-12-14 01:06:25.880976,0.0,24.41,0.0,1029.63,73.14,3.14,2.64,
312,2021-12-14 01:08:47.325452,2021-12-14 01:08:37.231964,0.0,19.53,0.0,1029.7,73.26,3.09,2.62,
313,2021-12-14 01:10:58.533712,2021-12-14 01:10:48.440683,0.0,29.3,0.0,1029.65,73.19,3.14,2.6,
314,2021-12-14 01:13:09.673449,2021-12-14 01:12:59.579327,0.0,24.41,0.0,1029.6,73.23,3.08,2.59,
315,2021-12-14 01:15:20.828129,2021-12-14 01:15:10.738067,0.0,29.3,0.0,1029.67,73.53,3.06,2.58,
316,2021-12-14 01:17:32.059216,2021-12-14 01:17:21.964095,0.0,24.41,0.0,1029.78,73.5,3.06,2.57,
317,2021-12-14 01:19:45.673136,2021-12-14 01:19:33.344467,0.0,34.18,0.0,1029.64,73.43,2.97,2.54,
318,2021-12-14 01:21:57.069945,2021-12-14 01:21:46.975121,0.0,24.41,0.0,1029.56,73.82,2.92,2.5,
319,2021-12-14 01:24:08.247873,2021-12-14 01:23:58.152245,0.0,24.41,0.0,1029.75,74.05,2.95,2.52,
320,2021-12-14 01:26:38.718660,2021-12-14 01:26:09.530992,0.0,24.41,0.0,1029.71,73.92,3.01,2.54,
321,2021-12-14 01:28:50.375568,2021-12-14 01:28:39.858978,0.0,19.53,0.0,1029.9,73.61,3.08,2.57,
322,2021-12-14 01:31:11.201802,2021-12-14 01:30:51.617689,0.0,19.53,0.0,1029.9,73.09,3.06,2.56,
323,2021-12-14 01:33:22.446203,2021-12-14 01:33:12.349973,0.0,24.41,0.0,1029.8,73.32,2.82,2.54,
324,2021-12-14 01:35:33.719340,2021-12-14 01:35:23.622762,0.0,24.41,0.0,1029.69,74.31,2.78,2.53,
325,2021-12-14 01:37:45.515525,2021-12-14 01:37:35.001972,0.0,24.41,0.0,1029.61,73.98,2.77,2.48,
326,2021-12-14 01:40:01.731202,2021-12-14 01:39:51.610007,0.0,29.3,0.0,1029.8,73.62,2.84,2.48,
327,2021-12-14 01:42:13.163104,2021-12-14 01:42:02.783725,0.0,34.18,0.0,1029.67,73.93,2.77,2.42,
328,2021-12-14 01:44:24.647046,2021-12-14 01:44:14.369229,0.0,24.41,0.0,1029.73,73.85,2.77,2.4,
329,2021-12-14 01:46:35.874393,2021-12-14 01:46:25.776531,0.0,24.41,0.0,1029.66,73.54,2.84,2.38,
330,2021-12-14 01:48:47.585935,2021-12-14 01:48:37.024605,0.0,24.41,0.0,1029.68,72.72,2.97,2.4,
331,2021-12-14 01:51:01.039182,2021-12-14 01:50:48.712666,0.0,24.41,0.0,1029.66,73.15,2.95,2.41,
332,2021-12-14 01:53:12.636223,2021-12-14 01:53:02.140323,0.0,29.3,0.0,1029.66,73.25,2.88,2.39,
333,2021-12-14 01:55:27.511087,2021-12-14 01:55:17.413981,0.0,24.41,0.0,1029.81,73.8,2.8,2.36,
334,2021-12-14 01:57:38.789979,2021-12-14 01:57:28.690917,0.0,24.41,0.0,1029.75,73.99,2.8,2.36,
335,2021-12-14 01:59:50.445713,2021-12-14 01:59:40.172038,0.0,24.41,0.0,1029.66,73.92,2.85,2.36,
336,2021-12-14 02:02:01.759944,2021-12-14 02:01:51.552662,0.0,24.41,0.0,1029.63,73.82,2.89,2.39,
337,2021-12-14 02:04:14.118047,2021-12-14 02:04:02.728873,0.0,24.41,0.0,1029.83,73.21,2.99,2.44,
338,2021-12-14 02:06:25.340303,2021-12-14 02:06:15.240126,0.0,24.41,0.0,1029.83,73.37,2.95,2.46,
339,2021-12-14 02:08:36.508081,2021-12-14 02:08:26.411785,0.0,24.41,0.0,1029.68,73.36,2.91,2.46,
340,2021-12-14 02:10:50.658361,2021-12-14 02:10:40.559281,0.0,24.41,0.0,1029.9,73.49,2.87,2.48,
341,2021-12-14 02:13:01.998619,2021-12-14 02:12:51.902772,0.0,19.53,0.0,1029.65,73.89,2.84,2.45,
342,2021-12-14 02:15:13.728946,2021-12-14 02:15:03.215157,0.0,24.41,0.0,1029.71,73.93,2.8,2.46,
343,2021-12-14 02:17:24.999132,2021-12-14 02:17:14.903827,0.0,24.41,0.0,1029.85,73.99,2.8,2.46,
344,2021-12-14 02:19:36.586599,2021-12-14 02:19:26.184777,0.0,24.41,0.0,1029.74,73.49,2.89,2.48,
345,2021-12-14 02:21:47.995320,2021-12-14 02:21:37.628799,0.0,24.41,0.0,1029.66,72.87,3.04,2.48,
346,2021-12-14 02:23:59.141835,2021-12-14 02:23:49.042271,0.0,29.3,0.0,1029.89,72.51,3.02,2.53,
347,2021-12-14 02:26:15.337227,2021-12-14 02:26:05.240014,0.0,24.41,0.0,1029.81,72.54,3.01,2.49,
348,2021-12-14 02:28:26.607269,2021-12-14 02:28:16.510541,0.0,24.41,0.0,1029.66,72.76,3.01,2.49,
349,2021-12-14 02:30:37.999238,2021-12-14 02:30:27.896588,0.0,24.41,0.0,1029.58,73.2,2.91,2.46,
350,2021-12-14 02:32:49.168140,2021-12-14 02:32:39.071576,0.0,24.41,0.0,1029.67,73.64,2.82,2.48,
351,2021-12-14 02:35:01.445511,2021-12-14 02:34:50.347565,0.0,24.41,0.0,1029.64,73.7,2.82,2.44,
352,2021-12-14 02:37:13.157395,2021-12-14 02:37:02.658279,0.0,19.53,0.0,1029.7,73.67,2.84,2.43,
353,2021-12-14 02:39:24.305445,2021-12-14 02:39:14.207622,0.0,24.41,0.0,1029.75,73.59,2.84,2.43,
354,2021-12-14 02:41:35.499454,2021-12-14 02:41:25.408936,0.0,24.41,0.0,1029.61,73.19,2.89,2.4,
355,2021-12-14 02:43:46.881877,2021-12-14 02:43:36.793106,0.0,24.41,0.0,1029.63,72.85,2.94,2.41,
356,2021-12-14 02:45:58.090250,2021-12-14 02:45:47.993679,0.0,24.41,0.0,1029.64,72.73,2.77,2.39,
357,2021-12-14 02:48:09.344203,2021-12-14 02:47:59.244959,0.0,24.41,0.0,1029.84,72.69,2.84,2.39,
358,2021-12-14 02:50:21.137907,2021-12-14 02:50:10.423231,0.0,24.41,0.0,1029.81,72.84,2.91,2.42,
359,2021-12-14 02:52:32.405566,2021-12-14 02:52:22.311113,0.0,24.41,0.0,1029.77,72.48,2.88,2.39,
360,2021-12-14 02:54:43.914346,2021-12-14 02:54:33.692354,0.0,24.41,0.0,1029.76,72.73,2.87,2.36,
361,2021-12-14 02:56:58.238451,2021-12-14 02:56:48.141015,0.0,24.41,0.0,1029.84,72.13,3.04,2.4,
362,2021-12-14 02:59:09.875815,2021-12-14 02:58:59.343825,0.0,24.41,0.0,1029.58,71.86,3.06,2.45,
363,2021-12-14 03:01:21.236081,2021-12-14 03:01:11.011065,0.0,24.41,0.0,1029.51,72.12,2.99,2.46,
364,2021-12-14 03:03:32.389212,2021-12-14 03:03:22.289492,0.0,24.41,0.0,1029.59,72.41,2.94,2.49,
365,2021-12-14 03:05:43.783522,2021-12-14 03:05:33.562719,0.0,24.41,0.0,1029.52,72.32,2.89,2.46,
366,2021-12-14 03:07:57.117706,2021-12-14 03:07:44.943197,0.0,24.41,0.0,1029.68,72.38,2.89,2.45,
367,2021-12-14 03:10:08.364398,2021-12-14 03:09:58.270499,0.0,24.41,0.0,1029.72,72.64,2.85,2.4,
368,2021-12-14 03:12:20.019958,2021-12-14 03:12:09.551811,0.0,29.3,0.0,1029.48,72.97,2.85,2.34,
369,2021-12-14 03:14:31.229974,2021-12-14 03:14:21.026751,0.0,24.41,0.0,1029.56,73.31,2.8,2.32,
370,2021-12-14 03:16:42.419083,2021-12-14 03:16:32.260917,0.0,29.3,0.0,1029.5,73.36,2.76,2.3,
371,2021-12-14 03:18:53.892930,2021-12-14 03:18:43.687362,0.0,29.3,0.0,1029.37,73.42,2.82,2.32,
372,2021-12-14 03:21:05.263294,2021-12-14 03:20:55.167693,0.0,34.18,0.0,1029.47,72.98,2.91,2.36,
373,2021-12-14 03:23:16.866160,2021-12-14 03:23:06.344767,0.0,24.41,0.0,1029.44,72.76,2.91,2.39,
374,2021-12-14 03:25:28.084847,2021-12-14 03:25:17.991894,0.0,24.41,0.0,1029.38,72.96,2.82,2.37,
375,2021-12-14 03:27:39.367862,2021-12-14 03:27:29.094515,0.0,24.41,0.0,1029.41,73.22,2.74,2.33,
376,2021-12-14 03:29:50.856600,2021-12-14 03:29:40.593143,0.0,24.41,0.0,1029.6,73.62,2.7,2.31,
377,2021-12-14 03:32:02.533474,2021-12-14 03:31:51.971258,0.0,24.41,0.0,1029.49,73.54,2.73,2.26,
378,2021-12-14 03:34:13.816578,2021-12-14 03:34:03.662870,0.0,24.41,0.0,1029.55,73.2,2.81,2.3,
379,2021-12-14 03:36:25.515555,2021-12-14 03:36:14.859599,0.0,24.41,0.0,1029.51,72.75,2.84,2.3,
380,2021-12-14 03:38:36.941440,2021-12-14 03:38:26.725125,0.0,24.41,0.0,1029.55,73.12,2.78,2.31,
381,2021-12-14 03:40:48.522601,2021-12-14 03:40:37.952677,0.0,24.41,0.0,1029.49,73.1,2.7,2.28,
382,2021-12-14 03:43:03.177910,2021-12-14 03:42:53.084868,0.0,24.41,0.0,1029.52,73.92,2.6,2.24,
383,2021-12-14 03:45:23.997741,2021-12-14 03:45:04.452817,0.0,24.41,0.0,1029.48,74.04,2.5,2.21,
384,2021-12-14 03:47:35.174360,2021-12-14 03:47:25.084957,0.0,19.53,0.0,1029.51,74.3,2.47,2.17,
385,2021-12-14 03:49:46.984941,2021-12-14 03:49:36.325289,0.0,24.41,0.0,1029.52,74.15,2.39,2.11,
386,2021-12-14 03:51:58.519602,2021-12-14 03:51:48.425376,0.0,19.53,0.0,1029.37,74.08,2.32,2.05,
387,2021-12-14 03:54:09.587573,2021-12-14 03:53:59.497351,0.0,19.53,0.0,1029.51,74.44,2.35,2.05,
388,2021-12-14 03:56:20.892664,2021-12-14 03:56:10.621357,0.0,24.41,0.0,1029.43,74.36,2.39,2.01,
389,2021-12-14 03:58:32.150248,2021-12-14 03:58:22.051675,0.0,24.41,0.0,1029.43,74.33,2.36,2.0,
390,2021-12-14 04:00:43.426609,2021-12-14 04:00:33.331926,0.0,24.41,0.0,1029.52,74.55,2.49,2.04,
391,2021-12-14 04:02:54.630129,2021-12-14 04:02:44.535970,0.0,24.41,0.0,1029.38,74.37,2.54,2.08,
392,2021-12-14 04:05:06.904949,2021-12-14 04:04:55.784257,0.0,24.41,0.0,1029.5,74.04,2.53,2.06,
393,2021-12-14 04:07:18.189066,2021-12-14 04:07:07.982082,0.0,29.3,0.0,1029.42,74.31,2.51,2.03,
394,2021-12-14 04:09:29.458871,2021-12-14 04:09:19.367018,0.0,34.18,0.0,1029.22,73.98,2.49,2.03,
395,2021-12-14 04:11:42.953862,2021-12-14 04:11:30.643039,0.0,24.41,0.0,1029.33,74.47,2.39,1.97,
396,2021-12-14 04:13:54.162966,2021-12-14 04:13:44.070232,0.0,24.41,0.0,1029.24,74.71,2.37,1.93,
397,2021-12-14 04:16:05.336663,2021-12-14 04:15:55.243421,0.0,19.53,0.0,1029.5,74.63,2.51,2.0,
398,2021-12-14 04:18:16.683092,2021-12-14 04:18:06.476261,0.0,24.41,0.0,1029.19,73.27,2.73,2.01,
399,2021-12-14 04:20:28.114722,2021-12-14 04:20:17.902197,0.0,24.41,0.0,1029.36,73.42,2.66,2.06,
400,2021-12-14 04:22:39.484354,2021-12-14 04:22:29.385085,0.0,24.41,0.0,1029.32,73.98,2.63,2.07,
401,2021-12-14 04:24:51.064808,2021-12-14 04:24:40.662283,0.0,24.41,0.0,1029.33,73.87,2.63,2.06,
402,2021-12-14 04:27:02.337978,2021-12-14 04:26:52.248115,0.0,24.41,0.0,1029.41,73.12,2.51,2.04,
403,2021-12-14 04:29:13.680983,2021-12-14 04:29:03.526327,0.0,24.41,0.0,1029.45,73.94,2.43,2.0,
404,2021-12-14 04:31:24.841562,2021-12-14 04:31:14.754578,0.0,34.18,0.0,1029.35,74.52,2.37,1.96,
405,2021-12-14 04:33:35.974283,2021-12-14 04:33:25.876885,0.0,24.41,0.0,1029.48,74.34,2.43,1.96,
406,2021-12-14 04:35:47.080924,2021-12-14 04:35:36.983127,0.0,29.3,0.0,1029.51,74.67,2.42,1.93,
407,2021-12-14 04:37:58.498257,2021-12-14 04:37:48.226559,0.0,24.41,0.0,1029.39,74.44,2.5,1.96,
408,2021-12-14 04:40:10.113228,2021-12-14 04:39:59.916758,0.0,24.41,0.0,1029.4,74.54,2.46,1.97,
409,2021-12-14 04:42:21.291228,2021-12-14 04:42:11.197720,0.0,29.3,0.0,1029.42,74.66,2.4,1.96,
410,2021-12-14 04:44:32.565608,2021-12-14 04:44:22.469401,0.0,24.41,0.0,1029.67,74.49,2.37,1.94,
411,2021-12-14 04:46:44.677549,2021-12-14 04:46:33.851585,0.0,24.41,0.0,1029.55,75.01,2.37,1.96,
412,2021-12-14 04:48:55.956674,2021-12-14 04:48:45.741570,0.0,24.41,0.0,1029.47,74.75,2.43,1.97,
413,2021-12-14 04:51:07.120597,2021-12-14 04:50:57.021408,0.0,24.41,0.0,1029.52,74.51,2.47,2.0,
414,2021-12-14 04:53:18.393356,2021-12-14 04:53:08.298362,0.0,24.41,0.0,1029.59,74.59,2.42,1.99,
415,2021-12-14 04:57:30.278653,2021-12-14 04:57:20.002251,0.0,24.41,0.0,1029.46,74.94,2.32,1.93,
416,2021-12-14 04:59:41.593339,2021-12-14 04:59:31.381377,0.0,24.41,0.0,1029.47,75.14,2.26,1.89,
417,2021-12-14 05:01:53.004289,2021-12-14 05:01:42.616493,0.0,24.41,0.0,1029.49,75.58,2.28,1.87,
418,2021-12-14 05:04:04.469877,2021-12-14 05:03:54.243490,0.0,29.3,0.0,1029.55,75.03,2.23,1.84,
419,2021-12-14 05:06:15.976722,2021-12-14 05:06:05.480664,0.0,24.41,0.0,1029.56,75.7,2.11,1.79,
420,2021-12-14 05:08:27.050879,2021-12-14 05:08:16.954026,0.0,29.3,0.0,1029.53,75.78,1.98,1.75,
421,2021-12-14 05:10:38.376243,2021-12-14 05:10:28.281861,0.0,29.3,0.0,1029.42,76.07,1.94,1.71,
422,2021-12-14 05:12:49.655302,2021-12-14 05:12:39.559622,0.0,24.41,0.0,1029.45,75.93,1.92,1.66,
423,2021-12-14 05:15:00.931752,2021-12-14 05:14:50.839551,0.0,19.53,0.0,1029.56,76.83,1.88,1.59,
424,2021-12-14 05:17:12.192203,2021-12-14 05:17:02.037194,0.0,24.41,0.0,1029.56,76.9,1.95,1.59,
425,2021-12-14 05:19:24.003862,2021-12-14 05:19:13.223395,0.0,24.41,0.0,1029.65,76.51,2.01,1.58,
426,2021-12-14 05:21:35.662631,2021-12-14 05:21:25.082444,0.0,24.41,0.0,1029.55,75.89,1.98,1.55,
427,2021-12-14 05:23:47.141569,2021-12-14 05:23:36.776550,0.0,24.41,0.0,1029.65,76.4,1.87,1.49,
428,2021-12-14 05:25:58.477397,2021-12-14 05:25:48.253043,0.0,29.3,0.0,1029.55,76.45,1.75,1.47,
429,2021-12-14 05:28:09.859055,2021-12-14 05:27:59.632844,0.0,24.41,0.0,1029.81,76.91,1.77,1.47,
430,2021-12-14 05:30:21.376594,2021-12-14 05:30:11.051521,0.0,24.41,0.0,1029.62,76.65,1.8,1.42,
431,2021-12-14 05:32:35.113784,2021-12-14 05:32:22.714130,0.0,29.3,0.0,1029.63,76.97,1.81,1.43,
432,2021-12-14 05:34:46.470612,2021-12-14 05:34:36.338462,0.0,24.41,0.0,1029.56,77.03,1.84,1.42,
433,2021-12-14 05:36:57.800283,2021-12-14 05:36:47.715803,0.0,24.41,0.0,1029.76,77.0,1.91,1.48,
434,2021-12-14 05:39:08.880343,2021-12-14 05:38:58.786787,0.0,24.41,0.0,1029.68,76.85,1.99,1.5,
435,2021-12-14 05:41:20.158825,2021-12-14 05:41:10.064311,0.0,24.41,0.0,1029.81,76.62,2.01,1.49,
436,2021-12-14 05:43:31.548404,2021-12-14 05:43:21.342056,0.0,24.41,0.0,1029.96,76.47,1.96,1.5,
437,2021-12-14 05:45:42.875459,2021-12-14 05:45:32.725409,0.0,24.41,0.0,1029.85,76.13,1.96,1.51,
438,2021-12-14 05:47:54.238204,2021-12-14 05:47:44.010632,0.0,24.41,0.0,1029.81,76.78,1.9,1.52,
439,2021-12-14 05:50:05.473821,2021-12-14 05:49:55.382314,0.0,29.3,0.0,1029.73,77.13,1.91,1.49,
440,2021-12-14 05:52:17.059468,2021-12-14 05:52:06.663882,0.0,24.41,0.0,1029.61,76.56,1.99,1.49,
441,2021-12-14 05:54:28.579525,2021-12-14 05:54:18.142816,0.0,24.41,0.0,1029.85,75.93,2.05,1.53,
442,2021-12-14 05:56:39.957276,2021-12-14 05:56:29.705139,0.0,24.41,0.0,1029.74,75.56,2.09,1.53,
443,2021-12-14 05:58:51.100727,2021-12-14 05:58:41.005127,0.0,29.3,0.0,1029.84,75.88,2.06,1.55,
444,2021-12-14 06:01:03.634381,2021-12-14 06:00:53.311638,0.0,24.41,0.0,1029.79,76.14,2.15,1.59,
445,2021-12-14 06:03:16.475649,2021-12-14 06:03:04.890986,0.0,19.53,0.0,1029.84,75.65,2.25,1.66,
446,2021-12-14 06:05:29.709245,2021-12-14 06:05:18.688145,0.0,34.18,0.0,1029.71,75.3,2.36,1.7,
447,2021-12-14 06:07:44.622730,2021-12-14 06:07:32.222906,0.0,24.41,0.0,1029.74,75.34,2.28,1.69,
448,2021-12-14 06:09:56.948503,2021-12-14 06:09:45.812192,0.0,24.41,0.0,1029.72,75.7,2.23,1.68,
449,2021-12-14 06:12:08.552671,2021-12-14 06:11:58.259947,0.0,24.41,0.0,1029.78,75.79,2.28,1.72,
450,2021-12-14 06:14:23.173061,2021-12-14 06:14:12.605514,0.0,24.41,0.0,1029.72,75.19,2.37,1.73,
451,2021-12-14 06:16:34.784973,2021-12-14 06:16:24.387971,0.0,24.41,0.0,1029.82,75.23,2.39,1.79,
452,2021-12-14 06:18:46.075489,2021-12-14 06:18:35.921296,0.0,29.3,0.0,1029.78,75.53,2.31,1.82,
453,2021-12-14 06:20:57.296497,2021-12-14 06:20:47.199957,0.0,24.41,0.0,1029.86,75.33,2.36,1.84,
454,2021-12-14 06:23:08.573712,2021-12-14 06:22:58.477473,0.0,24.41,0.0,1029.91,75.14,2.39,1.89,
455,2021-12-14 06:25:21.037403,2021-12-14 06:25:09.652022,0.0,24.41,0.0,1029.94,75.27,2.37,1.9,
456,2021-12-14 06:27:32.421338,2021-12-14 06:27:22.154548,0.0,24.41,0.0,1029.95,75.05,2.46,1.94,
457,2021-12-14 06:29:48.842698,2021-12-14 06:29:38.555692,0.0,29.3,0.01,1029.94,74.61,2.54,1.99,
458,2021-12-14 06:32:00.315644,2021-12-14 06:31:50.034924,0.0,29.3,0.01,1030.06,74.74,2.53,2.01,
459,2021-12-14 06:34:11.866507,2021-12-14 06:34:01.417140,0.0,24.41,0.01,1029.94,74.87,2.51,2.02,
460,2021-12-14 06:36:23.592212,2021-12-14 06:36:13.004228,0.0,24.41,0.02,1029.83,75.18,2.43,1.99,
461,2021-12-14 06:38:35.305788,2021-12-14 06:38:24.598080,0.0,24.41,0.03,1030.21,75.08,2.35,1.99,
462,2021-12-14 06:40:46.907972,2021-12-14 06:40:36.380651,0.0,24.41,0.04,1030.01,75.45,2.29,1.97,
463,2021-12-14 06:43:36.320251,2021-12-14 06:42:48.067185,0.0,24.41,0.06,1030.05,75.03,2.36,1.96,
464,2021-12-14 06:45:47.632942,2021-12-14 06:45:37.537354,0.0,24.41,0.09,1030.07,75.33,2.25,1.92,
465,2021-12-14 06:47:58.914347,2021-12-14 06:47:48.816533,0.0,29.3,0.12,1030.03,75.49,2.25,1.89,
466,2021-12-14 06:50:10.273091,2021-12-14 06:49:59.990249,0.0,24.41,0.16,1030.08,75.43,2.23,1.91,
467,2021-12-14 06:52:21.567441,2021-12-14 06:52:11.476561,0.0,24.41,0.2,1029.9,75.51,2.23,1.91,
468,2021-12-14 06:54:32.888423,2021-12-14 06:54:22.749793,0.0,24.41,0.25,1029.9,75.36,2.25,1.95,
469,2021-12-14 06:56:44.028083,2021-12-14 06:56:33.929300,0.0,24.41,0.31,1029.99,75.26,2.31,1.97,
470,2021-12-14 06:58:55.740014,2021-12-14 06:58:45.139280,0.0,24.41,0.38,1029.96,75.0,2.32,1.99,
471,2021-12-14 07:01:11.193670,2021-12-14 07:00:58.942807,0.0,24.41,0.45,1029.92,75.24,2.35,2.0,
472,2021-12-14 07:03:22.666987,2021-12-14 07:03:12.472996,0.0,29.3,0.53,1029.85,75.04,2.51,2.04,
473,2021-12-14 07:05:34.495492,2021-12-14 07:05:23.812080,0.0,24.41,0.61,1030.08,74.53,2.54,2.13,
474,2021-12-14 07:07:46.437685,2021-12-14 07:07:35.921881,0.0,24.41,0.69,1029.94,74.66,2.53,2.12,
475,2021-12-14 07:09:58.218363,2021-12-14 07:09:47.636545,0.0,24.41,0.77,1030.05,74.57,2.6,2.16,
476,2021-12-14 07:12:10.127291,2021-12-14 07:11:59.325001,0.0,24.41,0.86,1029.93,74.47,2.63,2.2,
477,2021-12-14 07:14:21.363085,2021-12-14 07:14:11.262455,0.0,29.3,0.94,1030.04,74.13,2.56,2.2,
478,2021-12-14 07:18:33.118623,2021-12-14 07:18:22.913416,0.0,24.41,1.13,1029.97,73.83,2.71,2.29,
479,2021-12-14 07:20:44.424600,2021-12-14 07:20:34.196739,0.0,24.41,1.22,1030.0,73.64,2.7,2.33,
480,2021-12-14 07:22:56.415571,2021-12-14 07:22:45.578551,0.0,24.41,1.3,1029.91,73.77,2.67,2.32,
481,2021-12-14 07:25:07.783549,2021-12-14 07:24:57.677186,0.0,24.41,1.38,1029.93,73.96,2.66,2.32,
482,2021-12-14 07:27:19.325465,2021-12-14 07:27:08.857410,0.0,34.18,1.45,1030.05,73.91,2.66,2.3,
483,2021-12-14 07:29:30.634309,2021-12-14 07:29:20.536092,0.0,34.18,1.52,1030.02,74.26,2.66,2.3,
484,2021-12-14 07:31:42.737672,2021-12-14 07:31:32.020532,0.0,24.41,1.6,1030.25,74.41,2.61,2.34,
485,2021-12-14 07:33:54.522441,2021-12-14 07:33:44.267075,0.0,24.41,1.67,1030.14,74.39,2.66,2.37,
486,2021-12-14 07:36:06.721774,2021-12-14 07:35:55.599576,0.0,19.53,1.74,1030.06,74.29,2.7,2.41,
487,2021-12-14 07:38:18.803765,2021-12-14 07:38:08.024913,0.0,29.3,1.81,1030.07,73.79,2.76,2.46,
488,2021-12-14 07:40:30.897484,2021-12-14 07:40:19.997391,0.0,29.3,1.87,1029.94,74.03,2.73,2.45,
489,2021-12-14 07:42:42.215936,2021-12-14 07:42:31.996263,0.0,29.3,1.94,1030.31,73.85,2.66,2.48,
490,2021-12-14 07:44:53.272974,2021-12-14 07:44:43.177388,0.0,24.41,1.99,1030.26,74.02,2.7,2.49,
491,2021-12-14 07:47:04.670033,2021-12-14 07:46:54.446445,0.0,29.3,2.05,1030.23,73.62,2.74,2.49,
492,2021-12-14 07:49:16.793622,2021-12-14 07:49:05.825564,0.0,24.41,2.11,1030.22,73.56,2.71,2.51,
493,2021-12-14 07:51:28.555287,2021-12-14 07:51:18.025841,0.0,24.41,2.17,1030.22,74.26,2.67,2.53,
494,2021-12-14 07:53:40.365716,2021-12-14 07:53:29.716024,0.0,24.41,2.21,1030.12,73.99,2.67,2.53,
495,2021-12-14 07:55:51.772245,2021-12-14 07:55:41.510477,0.0,24.41,2.26,1030.08,74.03,2.74,2.59,
496,2021-12-14 07:58:03.084910,2021-12-14 07:57:52.984568,0.0,29.3,2.3,1030.22,73.85,2.78,2.63,
497,2021-12-14 08:00:14.314076,2021-12-14 08:00:04.219367,0.0,34.18,2.35,1030.16,73.49,2.89,2.68,
498,2021-12-14 08:02:25.538547,2021-12-14 08:02:15.437981,0.0,29.3,2.41,1030.29,73.05,2.98,2.75,
499,2021-12-14 08:04:37.348834,2021-12-14 08:04:26.725360,0.0,29.3,2.45,1030.12,72.78,2.98,2.81,
500,2021-12-14 08:06:49.042879,2021-12-14 08:06:38.613311,0.0,24.41,2.51,1030.24,72.57,3.02,2.83,
501,2021-12-14 08:09:00.402187,2021-12-14 08:08:50.300856,0.0,29.3,2.71,1030.28,72.57,3.05,2.88,
502,2021-12-14 08:11:11.579883,2021-12-14 08:11:01.425464,0.0,29.3,4.86,1029.94,72.09,3.25,3.31,
503,2021-12-14 08:13:25.919156,2021-12-14 08:13:15.821867,0.0,34.18,9.08,1029.38,70.81,3.68,4.49,
504,2021-12-14 08:15:39.757553,2021-12-14 08:15:26.992878,0.0,39.06,11.89,1028.79,68.22,4.47,6.11,
505,2021-12-14 08:17:50.935767,2021-12-14 08:17:40.838689,0.0,39.06,12.81,1028.42,64.73,5.57,7.39,
506,2021-12-14 08:20:02.243262,2021-12-14 08:19:52.115389,0.0,39.06,13.09,1028.3,61.34,6.5,8.37,
507,2021-12-14 08:22:13.669403,2021-12-14 08:22:03.397148,0.0,43.95,13.55,1028.35,59.32,7.14,9.26,
508,2021-12-14 08:24:26.045787,2021-12-14 08:24:14.872023,0.0,43.95,13.18,1028.34,57.99,7.6,9.91,
509,2021-12-14 08:26:37.519823,2021-12-14 08:26:27.240731,0.0,43.95,14.84,1028.13,56.25,8.18,10.67,
510,2021-12-14 08:28:48.958803,2021-12-14 08:28:38.660733,0.0,43.95,15.3,1028.1,55.07,8.63,11.18,
511,2021-12-14 08:31:05.123197,2021-12-14 08:30:50.173633,0.0,39.06,15.02,1028.12,53.52,9.22,11.84,
512,2021-12-14 08:33:16.433164,2021-12-14 08:33:06.336948,0.0,43.95,15.02,1028.08,51.93,9.69,12.39,
513,2021-12-14 08:35:27.822197,2021-12-14 08:35:17.446871,0.0,43.95,14.65,1028.06,50.53,10.09,12.87,
514,2021-12-14 08:37:39.273994,2021-12-14 08:37:28.997509,0.0,43.95,15.3,1028.05,49.49,10.52,13.36,
515,2021-12-14 08:39:50.496463,2021-12-14 08:39:40.400249,0.0,43.95,15.21,1027.92,49.58,10.7,13.78,
516,2021-12-14 08:42:12.508445,2021-12-14 08:42:02.411053,0.0,43.95,16.59,1027.76,49.17,10.83,14.22,
517,2021-12-14 08:44:24.609507,2021-12-14 08:44:13.894080,0.0,48.83,16.59,1027.44,48.26,11.14,14.55,
518,2021-12-14 08:48:36.931709,2021-12-14 08:48:26.211025,0.0,48.83,17.33,1026.54,47.88,11.28,14.79,
519,2021-12-14 08:50:48.275258,2021-12-14 08:50:38.001130,0.0,53.71,17.6,1025.77,46.98,11.74,14.94,
520,2021-12-14 08:52:59.898634,2021-12-14 08:52:49.328099,0.0,48.83,16.87,1024.83,45.66,12.08,14.93,
521,2021-12-14 08:55:11.237566,2021-12-14 08:55:00.966247,0.0,48.83,17.42,1023.24,44.95,12.37,14.86,
522,2021-12-14 08:57:22.608594,2021-12-14 08:57:12.343949,0.0,48.83,17.69,1022.29,45.47,12.61,14.8,
523,2021-12-14 08:59:33.996310,2021-12-14 08:59:23.560564,0.0,53.71,17.51,1020.46,44.64,13.18,14.62,
524,2021-12-14 09:01:46.658943,2021-12-14 09:01:36.437479,0.0,48.83,18.98,1019.42,42.18,13.65,14.64,
525,2021-12-14 09:03:57.909641,2021-12-14 09:03:47.816259,0.0,48.83,17.79,1017.97,42.12,13.65,14.57,
526,2021-12-14 09:06:10.603002,2021-12-14 09:06:00.116223,0.0,53.71,18.62,1017.43,41.91,13.48,14.77,
527,2021-12-14 09:08:21.975564,2021-12-14 09:08:11.807189,0.0,48.83,18.8,1016.02,42.23,13.31,14.52,
528,2021-12-14 09:10:33.726972,2021-12-14 09:10:23.032866,0.0,48.83,19.63,1015.02,42.39,13.28,14.45,
529,2021-12-14 09:12:44.966533,2021-12-14 09:12:34.870681,0.0,53.71,19.26,1014.54,43.01,13.48,14.57,
530,2021-12-14 09:14:57.351051,2021-12-14 09:14:46.970540,0.0,53.71,17.97,1013.72,41.99,13.93,14.48,
531,2021-12-14 09:17:10.554436,2021-12-14 09:16:58.539265,0.0,53.71,18.71,1013.37,41.93,14.24,14.68,
532,2021-12-14 09:19:21.679355,2021-12-14 09:19:11.580399,0.0,53.71,19.17,1012.07,40.33,14.68,14.6,
533,2021-12-14 09:23:33.645125,2021-12-14 09:23:23.368715,0.0,53.71,18.71,1010.2,41.23,14.23,14.41,
534,2021-12-14 09:25:44.848103,2021-12-14 09:25:34.749188,0.0,53.71,19.72,1011.79,40.44,14.8,15.17,
535,2021-12-14 09:27:56.856392,2021-12-14 09:27:46.330983,0.0,58.59,20.18,1010.56,38.65,15.47,15.06,
536,2021-12-14 09:30:09.397242,2021-12-14 09:29:58.023872,0.0,53.71,19.72,1010.88,38.06,15.61,15.44,
537,2021-12-14 09:32:21.189622,2021-12-14 09:32:10.406887,0.0,58.59,19.45,1008.71,37.51,15.96,14.87,
538,2021-12-14 09:34:32.529192,2021-12-14 09:34:22.424668,0.0,63.48,19.17,1007.91,36.38,16.3,14.84,
539,2021-12-14 09:36:44.961337,2021-12-14 09:36:33.698818,0.0,63.48,16.68,1008.18,35.56,16.86,15.2,
540,2021-12-14 09:38:56.205334,2021-12-14 09:38:46.100634,0.0,63.48,15.58,1007.56,33.74,17.61,15.25,
541,2021-12-14 09:41:07.479204,2021-12-14 09:40:57.383572,0.0,58.59,17.33,1006.7,33.91,17.72,15.15,
542,2021-12-14 09:43:19.177093,2021-12-14 09:43:08.604192,0.0,58.59,16.68,1007.19,33.32,18.06,15.49,
543,2021-12-14 09:45:30.341620,2021-12-14 09:45:20.244360,0.0,53.71,15.85,1009.19,32.65,18.6,16.46,
544,2021-12-14 09:47:45.842234,2021-12-14 09:47:31.423777,0.0,53.71,17.14,1009.33,31.85,18.97,16.79,
545,2021-12-14 09:49:41.078635,2021-12-14 09:49:30.920786,0.0,53.71,19.08,1008.02,31.29,19.37,16.59,
546,2021-12-14 09:51:52.193562,2021-12-14 09:51:42.094076,0.0,53.71,18.71,1011.71,30.0,19.82,17.99,
547,2021-12-14 09:54:03.381750,2021-12-14 09:53:53.284316,0.0,58.59,17.79,1007.79,29.3,20.22,16.92,
548,2021-12-14 09:56:14.753743,2021-12-14 09:56:04.655032,0.0,53.71,17.6,1004.54,29.23,20.57,16.09,
549,2021-12-14 09:58:26.154581,2021-12-14 09:58:15.930830,0.0,48.83,17.33,1005.03,29.41,20.32,16.35,
550,2021-12-14 10:00:38.278759,2021-12-14 10:00:27.418782,0.0,53.71,16.04,1006.1,30.43,20.19,16.77,
551,2021-12-14 10:02:49.666361,2021-12-14 10:02:39.567648,0.0,53.71,15.76,1006.72,31.17,19.92,16.97,
552,2021-12-14 10:05:02.322124,2021-12-14 10:04:50.790107,0.0,48.83,14.75,1006.58,31.23,19.43,16.91,
553,2021-12-14 10:07:14.559073,2021-12-14 10:07:03.401259,0.0,53.71,16.04,1012.05,30.31,19.5,18.55,
554,2021-12-14 10:09:26.171403,2021-12-14 10:09:15.901069,0.0,58.59,16.4,1011.25,29.26,20.12,18.16,
555,2021-12-14 10:11:37.385192,2021-12-14 10:11:27.286552,0.0,48.83,12.99,1009.81,29.8,20.57,17.72,
556,2021-12-14 10:13:48.866425,2021-12-14 10:13:38.769014,0.0,53.71,8.62,1012.6,30.47,19.81,18.68,
557,2021-12-14 10:16:01.206860,2021-12-14 10:15:50.047786,0.0,53.71,25.07,1020.93,31.0,19.09,21.47,
558,2021-12-14 10:18:13.159760,2021-12-14 10:18:02.656639,0.0,53.71,30.97,1025.22,32.18,18.54,22.99,
559,2021-12-14 10:20:24.541414,2021-12-14 10:20:14.452422,0.0,48.83,31.7,997.53,32.43,18.39,14.44,
560,2021-12-14 10:22:36.185279,2021-12-14 10:22:25.623108,0.0,43.95,33.55,979.31,32.04,18.08,8.82,
561,2021-12-14 10:24:49.588374,2021-12-14 10:24:38.538780,0.0,43.95,36.13,979.75,32.41,17.77,9.18,
562,2021-12-14 10:27:01.039588,2021-12-14 10:26:50.758898,0.0,48.83,37.05,980.38,32.46,17.63,9.46,
563,2021-12-14 10:29:12.364144,2021-12-14 10:29:02.275940,0.0,43.95,37.42,982.13,32.85,17.61,9.87,
564,2021-12-14 10:31:23.977678,2021-12-14 10:31:13.502571,0.0,48.83,35.21,981.52,31.94,18.06,9.59,
565,2021-12-14 10:33:38.845326,2021-12-14 10:33:28.572062,0.0,43.95,31.33,982.66,31.66,18.61,9.92,
566,2021-12-14 10:35:50.223031,2021-12-14 10:35:39.949346,0.0,43.95,30.6,981.92,30.11,19.57,9.77,
567,2021-12-14 10:38:01.914318,2021-12-14 10:37:51.323714,0.0,39.06,30.6,981.23,30.49,20.05,9.63,
568,2021-12-14 10:40:13.112348,2021-12-14 10:40:03.017552,0.0,43.95,30.6,982.8,29.28,20.43,10.31,
569,2021-12-14 10:42:24.342579,2021-12-14 10:42:14.088890,0.0,58.59,30.97,982.83,28.7,20.66,10.39,
570,2021-12-14 10:44:35.775764,2021-12-14 10:44:25.679084,0.0,73.24,30.97,987.61,29.17,20.64,12.04,
571,2021-12-14 10:46:47.053027,2021-12-14 10:46:36.955500,0.0,78.13,31.52,991.72,28.9,20.66,13.35,
572,2021-12-14 10:48:58.703944,2021-12-14 10:48:48.131622,0.0,73.24,31.52,989.97,28.57,20.73,12.62,
573,2021-12-14 10:51:10.072576,2021-12-14 10:50:59.827353,0.0,73.24,30.97,986.97,28.93,20.57,11.48,
574,2021-12-14 10:53:21.817012,2021-12-14 10:53:11.255863,0.0,78.13,29.86,984.47,28.6,20.69,10.41,
575,2021-12-14 10:55:33.547529,2021-12-14 10:55:22.983358,0.0,68.36,26.54,991.51,28.75,20.83,12.34,
576,2021-12-14 10:57:44.900379,2021-12-14 10:57:34.671304,0.0,78.13,29.12,984.14,28.97,20.67,9.63,
577,2021-12-14 10:59:56.106212,2021-12-14 10:59:45.882863,0.0,78.13,28.02,1008.31,28.31,20.83,17.12,
578,2021-12-14 11:02:07.650580,2021-12-14 11:01:57.438063,0.0,83.01,10.23,1028.51,28.02,21.04,25.39,
579,2021-12-14 11:04:23.484127,2021-12-14 11:04:13.095791,0.0,78.13,6.22,1028.83,27.43,21.69,25.5,
580,2021-12-14 11:06:34.831927,2021-12-14 11:06:24.597421,0.0,78.13,6.13,1028.91,26.91,21.9,25.64,
581,2021-12-14 11:08:47.093364,2021-12-14 11:08:36.795870,0.0,73.24,6.13,1028.71,26.82,22.08,25.65,
582,2021-12-14 11:10:59.505845,2021-12-14 11:10:49.196612,0.0,73.24,6.13,1028.08,26.51,22.05,25.63,
583,2021-12-14 11:13:10.914877,2021-12-14 11:13:00.682493,0.0,78.13,6.13,1026.73,25.89,22.72,25.17,
584,2021-12-14 11:17:24.743053,2021-12-14 11:17:13.406220,0.0,73.24,6.22,1028.97,25.74,22.56,25.98,
585,2021-12-14 11:19:37.034671,2021-12-14 11:19:26.935790,0.0,78.13,6.31,1029.04,26.0,22.39,26.05,
586,2021-12-14 11:21:48.339371,2021-12-14 11:21:38.075015,0.0,78.13,9999.9,1029.11,25.62,22.34,26.06,
587,2021-12-14 11:23:59.494051,2021-12-14 11:23:49.394607,0.0,78.13,6.96,1029.11,25.73,22.39,26.08,
588,2021-12-14 11:26:10.909143,2021-12-14 11:26:00.692314,0.0,78.13,6.96,1029.05,25.94,22.52,26.16,
589,2021-12-14 11:28:26.953611,2021-12-14 11:28:12.257102,0.0,78.13,6.91,1029.01,26.17,22.39,26.19,
590,2021-12-14 11:30:38.093917,2021-12-14 11:30:27.935248,0.0,83.01,6.87,1028.96,25.76,22.42,26.19,
591,2021-12-14 11:32:49.416762,2021-12-14 11:32:39.321352,0.0,97.66,6.96,1029.07,26.54,22.34,26.26,
592,2021-12-14 11:35:05.452181,2021-12-14 11:34:50.697749,0.0,97.66,7.19,1028.93,26.54,22.34,26.27,
593,2021-12-14 11:37:16.616901,2021-12-14 11:37:06.522696,0.0,92.77,7.51,1028.82,26.96,22.55,26.31,
594,2021-12-14 11:39:27.853636,2021-12-14 11:39:17.763507,0.0,97.66,7.46,1028.74,26.17,22.83,26.38,
595,2021-12-14 11:41:39.242692,2021-12-14 11:41:29.142983,0.0,92.77,6.87,1028.66,25.85,23.14,26.52,
596,2021-12-14 11:43:50.740097,2021-12-14 11:43:40.523399,0.0,92.77,6.96,1028.57,25.97,22.97,26.64,
597,2021-12-14 11:46:02.120285,2021-12-14 11:45:51.901815,0.0,92.77,9999.9,1028.45,26.36,22.69,26.69,
598,2021-12-14 11:48:13.421313,2021-12-14 11:48:03.224293,0.0,92.77,7.51,1028.26,27.1,22.58,26.73,
599,2021-12-14 11:50:31.191833,2021-12-14 11:50:18.966489,0.0,97.66,8.2,1028.01,26.91,22.32,26.88,
600,2021-12-14 11:52:42.503599,2021-12-14 11:52:32.354314,0.0,92.77,8.02,1024.45,26.24,22.44,25.58,
601,2021-12-14 11:54:53.657191,2021-12-14 11:54:43.568327,0.0,87.89,7.28,1012.08,26.75,22.54,19.07,
602,2021-12-14 11:57:04.967920,2021-12-14 11:56:54.876951,0.0,87.89,7.51,996.91,26.76,22.55,10.78,
603,2021-12-14 11:59:16.383368,2021-12-14 11:59:06.125471,0.0,92.77,8.43,994.94,26.83,22.66,8.31,
604,2021-12-14 12:01:27.710217,2021-12-14 12:01:17.508937,0.0,92.77,14.65,996.42,27.3,22.56,8.75,
605,2021-12-14 12:03:38.873062,2021-12-14 12:03:28.783566,0.0,87.89,13.27,997.97,27.35,22.35,8.77,
606,2021-12-14 12:05:51.284668,2021-12-14 12:05:39.879240,0.0,87.89,14.38,999.9,27.95,22.31,9.06,
607,2021-12-14 12:08:03.022915,2021-12-14 12:07:52.466347,0.0,87.89,14.65,1001.03,28.03,22.03,9.08,
608,2021-12-14 12:10:14.450999,2021-12-14 12:10:04.357628,0.0,87.89,15.02,1015.43,27.83,22.03,16.85,
609,2021-12-14 12:12:26.091928,2021-12-14 12:12:15.522299,0.0,87.89,14.47,1014.0,28.23,21.93,22.94,
610,2021-12-14 12:14:37.251399,2021-12-14 12:14:27.158330,0.0,83.01,14.47,1017.09,28.03,21.97,23.83,
611,2021-12-14 12:16:48.600877,2021-12-14 12:16:38.506698,0.0,83.01,14.1,1017.18,28.07,22.1,23.71,
612,2021-12-14 12:19:02.071166,2021-12-14 12:18:49.776065,0.0,78.13,14.01,1017.93,28.32,22.18,23.9,
613,2021-12-14 12:21:13.707454,2021-12-14 12:21:03.103995,0.0,63.48,12.63,1014.07,26.86,22.12,15.95,
614,2021-12-14 12:23:24.988091,2021-12-14 12:23:14.786996,0.0,53.71,12.44,1015.16,27.28,21.87,11.71,
615,2021-12-14 12:25:36.366738,2021-12-14 12:25:26.273497,0.0,48.83,12.26,1016.16,27.67,21.7,11.61,
616,2021-12-14 12:27:48.073159,2021-12-14 12:27:37.514280,0.0,43.95,11.57,1024.11,29.29,21.76,14.1,
617,2021-12-14 12:30:08.632433,2021-12-14 12:29:49.242997,0.0,48.83,11.89,1018.05,28.85,21.74,22.32,
618,2021-12-14 12:32:19.804729,2021-12-14 12:32:09.709491,0.0,43.95,11.8,1020.0,28.73,21.94,24.35,
619,2021-12-14 12:34:36.020916,2021-12-14 12:34:25.926124,0.0,43.95,12.35,1019.56,28.49,22.24,24.36,
620,2021-12-14 12:36:47.399392,2021-12-14 12:36:37.306999,0.0,39.06,12.17,1018.14,28.2,22.38,23.57,
621,2021-12-14 12:38:58.742450,2021-12-14 12:38:48.520525,0.0,39.06,11.89,1024.95,27.82,22.32,20.27,
622,2021-12-14 12:41:10.493858,2021-12-14 12:40:59.963693,0.0,48.83,11.98,1020.28,29.09,22.2,24.57,
623,2021-12-14 12:43:22.371972,2021-12-14 12:43:12.166600,0.0,43.95,12.63,1021.26,28.26,21.9,25.13,
624,2021-12-14 12:45:33.769131,2021-12-14 12:45:23.544135,0.0,43.95,13.09,1021.66,30.05,21.67,25.21,
625,2021-12-14 12:48:14.077106,2021-12-14 12:47:34.923740,0.0,58.59,12.44,1020.29,29.11,21.6,22.54,
626,2021-12-14 12:50:25.508617,2021-12-14 12:50:15.281535,0.0,68.36,11.7,1023.73,29.7,21.39,13.19,
627,2021-12-14 12:52:37.324551,2021-12-14 12:52:26.723258,0.0,73.24,11.75,1024.83,30.23,21.02,13.15,
628,2021-12-14 12:54:48.695088,2021-12-14 12:54:38.560682,0.0,73.24,11.57,1019.56,30.5,20.97,21.71,
629,2021-12-14 12:56:59.824806,2021-12-14 12:56:49.734204,0.0,73.24,11.01,1023.11,30.71,21.07,24.95,
630,2021-12-14 12:59:13.436555,2021-12-14 12:59:01.012994,0.0,58.59,10.41,1023.53,29.91,21.11,24.98,
631,2021-12-14 13:01:25.161591,2021-12-14 13:01:14.644312,0.0,43.95,10.18,1023.74,29.35,21.22,25.05,
632,2021-12-14 13:03:36.564310,2021-12-14 13:03:26.333406,0.0,43.95,10.28,1024.06,29.48,21.99,25.25,
633,2021-12-14 13:05:47.911687,2021-12-14 13:05:37.815058,0.0,43.95,10.23,1024.41,28.15,22.24,25.36,
634,2021-12-14 13:07:59.501071,2021-12-14 13:07:49.191685,0.0,48.83,10.6,1024.67,29.25,22.03,25.39,
635,2021-12-14 13:10:10.990271,2021-12-14 13:10:00.780516,0.0,58.59,11.89,1024.94,29.82,22.05,25.49,
636,2021-12-14 13:12:22.354781,2021-12-14 13:12:12.256390,0.0,53.71,14.1,1025.0,29.72,21.73,25.39,
637,2021-12-14 13:14:33.637162,2021-12-14 13:14:23.539032,0.0,43.95,17.14,1025.53,29.89,20.95,25.37,
638,2021-12-14 13:16:45.435714,2021-12-14 13:16:34.918990,0.0,39.06,19.08,1025.79,31.01,20.36,25.2,
639,2021-12-14 13:18:56.867769,2021-12-14 13:18:46.773255,0.0,39.06,20.0,1026.23,31.62,20.07,24.91,
640,2021-12-14 13:21:08.245651,2021-12-14 13:20:58.086476,0.0,43.95,19.54,1027.07,31.67,19.87,24.54,
641,2021-12-14 13:23:28.957565,2021-12-14 13:23:09.463589,0.0,43.95,14.19,1028.47,31.81,19.94,23.85,
642,2021-12-14 13:25:40.326101,2021-12-14 13:25:30.166397,0.0,58.59,7.97,1028.98,32.12,20.11,23.29,
643,2021-12-14 13:27:52.052487,2021-12-14 13:27:41.482228,0.0,58.59,7.74,1028.46,31.63,20.18,23.47,
644,2021-12-14 13:30:04.915604,2021-12-14 13:29:53.539465,0.0,63.48,7.51,1027.61,31.67,20.28,23.91,
645,2021-12-14 13:32:16.340279,2021-12-14 13:32:06.045820,0.0,58.59,7.79,1027.44,31.68,20.43,24.22,
646,2021-12-14 13:34:27.635952,2021-12-14 13:34:17.527695,0.0,58.59,8.2,1027.38,32.37,20.7,24.36,
647,2021-12-14 13:36:39.050158,2021-12-14 13:36:28.808248,0.0,63.48,8.2,1027.38,31.57,21.0,24.32,
648,2021-12-14 13:38:50.361159,2021-12-14 13:38:40.259166,0.0,63.48,7.79,1027.4,31.23,20.97,24.27,
649,2021-12-14 13:41:01.793238,2021-12-14 13:40:51.661262,0.0,58.59,7.14,1027.46,31.63,20.63,24.22,
650,2021-12-14 13:43:12.981776,2021-12-14 13:43:02.849905,0.0,53.71,6.77,1027.47,32.01,20.37,24.09,
651,2021-12-14 13:45:24.236787,2021-12-14 13:45:14.127829,0.0,58.59,6.68,1027.43,32.02,20.42,23.97,
652,2021-12-14 13:47:35.665690,2021-12-14 13:47:25.571461,0.0,48.83,6.64,1027.6,32.45,20.49,23.84,
653,2021-12-14 13:49:46.897162,2021-12-14 13:49:36.787912,0.0,43.95,6.5,1027.58,31.89,20.88,23.78,
654,2021-12-14 13:51:58.395833,2021-12-14 13:51:48.167891,0.0,34.18,6.41,1027.66,31.8,20.97,23.74,
655,2021-12-14 13:54:10.279209,2021-12-14 13:53:59.754867,0.0,34.18,6.36,1027.53,31.22,21.22,23.59,
656,2021-12-14 13:56:21.745522,2021-12-14 13:56:11.645956,0.0,34.18,6.22,1027.77,30.64,21.46,23.64,
657,2021-12-14 13:58:33.022898,2021-12-14 13:58:22.928539,0.0,34.18,6.13,1027.96,30.11,21.89,23.66,
658,2021-12-14 14:00:44.408199,2021-12-14 14:00:34.310390,0.0,34.18,5.99,1028.09,29.43,22.22,23.7,
659,2021-12-14 14:02:57.916016,2021-12-14 14:02:45.543019,0.0,39.06,5.88,1028.02,29.25,22.11,23.67,
660,2021-12-14 14:05:09.472496,2021-12-14 14:04:59.321249,0.0,43.95,5.76,1027.97,29.36,22.17,23.62,
661,2021-12-14 14:07:21.719058,2021-12-14 14:07:11.624195,0.0,39.06,5.67,1027.9,29.92,21.7,23.51,
662,2021-12-14 14:09:32.912887,2021-12-14 14:09:22.818661,0.0,43.95,5.55,1027.8,30.62,21.27,23.4,
663,2021-12-14 14:11:44.212356,2021-12-14 14:11:34.078364,0.0,43.95,5.25,1027.92,30.76,21.34,23.2,
664,2021-12-14 14:13:55.455865,2021-12-14 14:13:45.355623,0.0,48.83,5.25,1027.89,30.44,21.5,23.09,
665,2021-12-14 14:18:07.994156,2021-12-14 14:17:57.158970,0.0,34.18,4.98,1028.16,29.77,21.9,23.01,
666,2021-12-14 14:20:51.197880,2021-12-14 14:20:09.211767,0.0,29.3,5.02,1028.09,29.55,22.1,22.96,
667,2021-12-14 14:23:02.705083,2021-12-14 14:22:52.436530,0.0,34.18,5.11,1028.18,29.56,22.14,22.99,
668,2021-12-14 22:14:52.597686,2021-12-14 22:14:42.447432,0.0,24.41,0.0,1029.19,56.2,4.6,4.03,
669,2021-12-14 22:17:04.270023,2021-12-14 22:16:53.659217,0.0,29.3,0.0,1029.26,55.18,4.61,4.01,
670,2021-12-14 22:19:15.390291,2021-12-14 22:19:05.236807,0.0,24.41,0.0,1029.18,55.73,4.57,3.95,
671,2021-12-14 22:21:26.576698,2021-12-14 22:21:16.411072,0.0,24.41,0.0,1029.06,56.11,4.37,3.9,
672,2021-12-14 22:23:38.161930,2021-12-14 22:23:27.582403,0.0,29.3,0.0,1029.24,57.57,4.2,3.84,
673,2021-12-14 22:25:49.313969,2021-12-14 22:25:39.147633,0.0,29.3,0.0,1029.37,58.08,4.15,3.79,
674,2021-12-14 22:28:03.002069,2021-12-14 22:27:50.293795,0.0,24.41,0.0,1029.4,57.44,4.29,3.74,
675,2021-12-14 22:30:14.414264,2021-12-14 22:30:04.065508,0.0,24.41,0.0,1029.31,56.63,4.37,3.71,
676,2021-12-14 22:32:26.026423,2021-12-14 22:32:15.464777,0.0,24.41,0.0,1029.36,56.3,4.49,3.71,
677,2021-12-14 22:34:37.375068,2021-12-14 22:34:27.122848,0.0,24.41,0.0,1029.33,56.81,4.37,3.7,
678,2021-12-14 22:36:48.591178,2021-12-14 22:36:38.562374,0.0,24.41,0.0,1029.29,56.26,4.42,3.67,
679,2021-12-14 22:38:59.990029,2021-12-14 22:38:49.870373,0.0,29.3,0.0,1029.46,55.75,4.5,3.7,
680,2021-12-14 22:41:11.583199,2021-12-14 22:41:01.608136,0.0,19.53,0.0,1029.46,55.43,4.56,3.75,
681,2021-12-14 22:43:22.833849,2021-12-14 22:43:12.881453,0.0,24.41,0.0,1029.49,56.89,4.36,3.7,
682,2021-12-14 22:45:36.705863,2021-12-14 22:45:24.174564,0.0,24.41,0.0,1029.39,57.16,4.23,3.66,
683,2021-12-14 22:47:48.072663,2021-12-14 22:47:38.027813,0.0,19.53,0.0,1029.66,57.04,4.19,3.64,
684,2021-12-14 22:50:01.418300,2021-12-14 22:49:49.256557,0.0,24.41,0.0,1029.52,57.43,4.08,3.58,
685,2021-12-14 22:52:12.659034,2021-12-14 22:52:02.670767,0.0,24.41,0.0,1029.46,57.8,4.01,3.53,
686,2021-12-14 22:54:23.934964,2021-12-14 22:54:13.926426,0.0,24.41,0.0,1029.62,57.63,4.02,3.53,
687,2021-12-14 22:56:44.533572,2021-12-14 22:56:25.083671,0.0,24.41,0.0,1029.54,57.29,4.12,3.56,
688,2021-12-14 22:58:56.428044,2021-12-14 22:58:45.776149,0.0,24.41,0.0,1029.57,57.64,4.09,3.58,
689,2021-12-14 23:01:07.599636,2021-12-14 23:00:57.566844,0.0,24.41,0.0,1029.5,58.28,3.91,3.52,
690,2021-12-14 23:03:18.896045,2021-12-14 23:03:08.738024,0.0,24.41,0.0,1029.54,58.06,3.85,3.49,
691,2021-12-14 23:05:30.206300,2021-12-14 23:05:20.014091,0.0,24.41,0.0,1029.46,58.33,3.92,3.46,
692,2021-12-14 23:07:41.373675,2021-12-14 23:07:31.325371,0.0,24.41,0.0,1029.36,58.69,3.8,3.42,
693,2021-12-14 23:09:52.525533,2021-12-14 23:09:42.448236,0.0,24.41,0.0,1029.42,58.71,3.75,3.39,
694,2021-12-14 23:12:03.785851,2021-12-14 23:11:53.586068,0.0,29.3,0.0,1029.44,58.91,3.75,3.35,
695,2021-12-14 23:14:14.921165,2021-12-14 23:14:04.816377,0.0,24.41,0.0,1029.4,59.11,3.7,3.29,
696,2021-12-14 23:16:26.362027,2021-12-14 23:16:16.126647,0.0,24.41,0.0,1029.55,59.05,3.71,3.27,
697,2021-12-14 23:18:37.505737,2021-12-14 23:18:27.391640,0.0,24.41,0.0,1029.43,58.57,3.77,3.25,
698,2021-12-14 23:20:49.156099,2021-12-14 23:20:38.564316,0.0,24.41,0.0,1029.51,58.79,3.71,3.27,
699,2021-12-14 23:23:00.373895,2021-12-14 23:22:50.249592,0.0,24.41,0.0,1029.47,59.05,3.7,3.24,
700,2021-12-14 23:25:11.655852,2021-12-14 23:25:01.531711,0.0,19.53,0.0,1029.52,59.34,3.68,3.24,
701,2021-12-14 23:27:23.156289,2021-12-14 23:27:12.904315,0.0,24.41,0.0,1029.62,59.94,3.49,3.18,
702,2021-12-14 23:31:34.782888,2021-12-14 23:31:24.652488,0.0,24.41,0.0,1029.5,58.78,3.63,3.17,
703,2021-12-14 23:33:46.015192,2021-12-14 23:33:35.885005,0.0,24.41,0.0,1029.4,58.54,3.74,3.17,
704,2021-12-14 23:35:57.603147,2021-12-14 23:35:47.057289,0.0,24.41,0.0,1029.5,58.73,3.7,3.17,
705,2021-12-14 23:38:08.902003,2021-12-14 23:37:58.771848,0.0,24.41,0.0,1029.48,59.3,3.64,3.13,
706,2021-12-14 23:40:20.055617,2021-12-14 23:40:09.913323,0.0,19.53,0.0,1029.3,59.29,3.59,3.11,
707,2021-12-14 23:42:31.323692,2021-12-14 23:42:21.189354,0.0,24.41,0.0,1029.29,59.49,3.54,3.08,
708,2021-12-14 23:44:42.604683,2021-12-14 23:44:32.465181,0.0,24.41,0.0,1029.38,59.09,3.6,3.1,
709,2021-12-14 23:46:54.299018,2021-12-14 23:46:43.739433,0.0,24.41,0.0,1029.41,58.19,3.75,3.12,
710,2021-12-14 23:49:05.590043,2021-12-14 23:48:55.443960,0.0,34.18,0.0,1029.36,58.01,3.87,3.16,
711,2021-12-14 23:51:17.324203,2021-12-14 23:51:06.555680,0.0,24.41,0.0,1029.44,58.05,3.94,3.18,
712,2021-12-14 23:53:28.476460,2021-12-14 23:53:18.268088,0.0,24.41,0.0,1029.35,59.04,3.81,3.15,
713,2021-12-14 23:55:39.888647,2021-12-14 23:55:29.563685,0.0,24.41,0.0,1029.48,59.54,3.7,3.11,
714,2021-12-14 23:57:51.276641,2021-12-14 23:57:40.939974,0.0,24.41,0.0,1029.45,59.71,3.66,3.06,
715,2021-12-15 00:00:02.408271,2021-12-14 23:59:52.209897,0.0,24.41,0.0,1029.54,59.99,3.63,3.01,
716,2021-12-15 00:02:13.589869,2021-12-15 00:02:03.420283,0.0,29.3,0.0,1029.63,58.98,3.63,3.01,
717,2021-12-15 00:04:24.725888,2021-12-15 00:04:14.545550,0.0,29.3,0.0,1029.51,58.87,3.64,2.98,
718,2021-12-15 00:06:36.127591,2021-12-15 00:06:25.814029,0.0,24.41,0.0,1029.66,59.04,3.63,2.97,
719,2021-12-15 00:08:47.316564,2021-12-15 00:08:36.995069,0.0,24.41,0.0,1029.5,58.72,3.62,2.97,
720,2021-12-15 00:10:58.974905,2021-12-15 00:10:48.361292,0.0,24.41,0.0,1029.63,58.53,3.7,3.0,
721,2021-12-15 00:13:10.246204,2021-12-15 00:13:00.044393,0.0,24.41,0.0,1029.39,58.76,3.66,2.97,
722,2021-12-15 00:15:21.421034,2021-12-15 00:15:11.218861,0.0,19.53,0.0,1029.4,58.37,3.62,2.95,
723,2021-12-15 00:17:32.859365,2021-12-15 00:17:22.588940,0.0,29.3,0.0,1029.55,58.38,3.64,2.97,
724,2021-12-15 00:19:46.561614,2021-12-15 00:19:34.070412,0.0,24.41,0.0,1029.34,58.88,3.54,2.95,
725,2021-12-15 00:22:02.727645,2021-12-15 00:21:47.904104,0.0,24.41,0.0,1029.45,58.73,3.52,2.95,
726,2021-12-15 00:24:16.087977,2021-12-15 00:24:03.683892,0.0,29.3,0.0,1029.5,58.93,3.52,2.97,
727,2021-12-15 00:26:27.516477,2021-12-15 00:26:16.976555,0.0,24.41,0.0,1029.28,59.29,3.39,2.92,
728,2021-12-15 00:28:39.031123,2021-12-15 00:28:28.690301,0.0,24.41,0.0,1029.39,59.14,3.39,2.92,
729,2021-12-15 00:30:50.364707,2021-12-15 00:30:40.135551,0.0,24.41,0.0,1029.56,59.3,3.43,2.93,
730,2021-12-15 00:33:01.974850,2021-12-15 00:32:51.616343,0.0,29.3,0.0,1029.45,59.23,3.37,2.89,
731,2021-12-15 00:35:13.334069,2021-12-15 00:35:03.218306,0.0,24.41,0.0,1029.37,58.92,3.4,2.88,
732,2021-12-15 00:37:24.877087,2021-12-15 00:37:14.802213,0.0,24.41,0.0,1029.35,58.79,3.37,2.86,
733,2021-12-15 00:39:36.019627,2021-12-15 00:39:26.098613,0.0,24.41,0.0,1029.39,59.17,3.37,2.85,
734,2021-12-15 00:41:48.254661,2021-12-15 00:41:37.225843,0.0,19.53,0.0,1029.21,59.78,3.25,2.81,
735,2021-12-15 00:44:00.676247,2021-12-15 00:43:49.524748,0.0,24.41,0.0,1029.26,58.82,3.32,2.81,
736,2021-12-15 00:46:11.905615,2021-12-15 00:46:01.928563,0.0,24.41,0.0,1029.36,57.38,3.75,2.88,
737,2021-12-15 00:48:23.190914,2021-12-15 00:48:13.119221,0.0,24.41,0.0,1029.32,57.8,3.68,2.88,
738,2021-12-15 00:50:34.470253,2021-12-15 00:50:24.403405,0.0,24.41,0.0,1029.25,58.3,3.54,2.91,
739,2021-12-15 00:52:45.971451,2021-12-15 00:52:35.895347,0.0,24.41,0.0,1029.33,58.3,3.54,2.94,
740,2021-12-15 00:54:59.541724,2021-12-15 00:54:47.333428,0.0,24.41,0.0,1029.3,57.33,3.78,2.99,
741,2021-12-15 00:57:10.746027,2021-12-15 00:57:00.746774,0.0,24.41,0.0,1029.37,56.48,3.95,3.11,
742,2021-12-15 00:59:22.727980,2021-12-15 00:59:12.085329,0.0,24.41,0.0,1029.31,56.53,4.08,3.18,
743,2021-12-15 01:01:34.382247,2021-12-15 01:01:23.909226,0.0,29.3,0.0,1029.16,56.39,3.95,3.19,
744,2021-12-15 01:03:45.509577,2021-12-15 01:03:35.479460,0.0,19.53,0.0,1029.22,55.44,4.26,3.3,
745,2021-12-15 01:05:56.953953,2021-12-15 01:05:46.745006,0.0,24.41,0.0,1029.15,55.33,4.26,3.35,
746,2021-12-15 01:08:09.074330,2021-12-15 01:07:58.017825,0.0,24.41,0.0,1029.29,55.89,4.28,3.41,
747,2021-12-15 01:10:20.369871,2021-12-15 01:10:10.212488,0.0,24.41,0.0,1029.1,54.7,4.39,3.47,
748,2021-12-15 01:12:33.923129,2021-12-15 01:12:21.435876,0.0,24.41,0.0,1029.17,54.16,4.53,3.58,
749,2021-12-15 01:14:46.283771,2021-12-15 01:14:35.216410,0.0,24.41,0.0,1029.32,54.31,4.5,3.66,
750,2021-12-15 01:16:57.471750,2021-12-15 01:16:47.414511,0.0,24.41,0.0,1029.21,54.35,4.6,3.73,
751,2021-12-15 01:19:08.961751,2021-12-15 01:18:58.892513,0.0,24.41,0.0,1029.35,54.21,4.63,3.86,
752,2021-12-15 01:21:20.260670,2021-12-15 01:21:10.061484,0.0,24.41,0.0,1029.3,52.89,4.75,3.94,
753,2021-12-15 01:23:31.566917,2021-12-15 01:23:21.426051,0.0,24.41,0.0,1029.33,53.27,4.9,4.03,
754,2021-12-15 01:25:42.785879,2021-12-15 01:25:32.699382,0.0,29.3,0.0,1029.32,53.39,4.87,4.1,
755,2021-12-15 01:27:53.967665,2021-12-15 01:27:43.868410,0.0,24.41,0.0,1029.51,52.97,4.83,4.15,
756,2021-12-15 01:30:05.145218,2021-12-15 01:29:55.042748,0.0,29.3,0.0,1029.47,51.58,5.11,4.27,
757,2021-12-15 01:32:16.790516,2021-12-15 01:32:06.181514,0.0,24.41,0.0,1029.4,50.72,5.4,4.4,
758,2021-12-15 01:34:28.528716,2021-12-15 01:34:17.996074,0.0,19.53,0.0,1029.57,50.05,5.5,4.54,
759,2021-12-15 01:36:39.820459,2021-12-15 01:36:29.574474,0.0,24.41,0.0,1029.48,51.38,5.42,4.62,
760,2021-12-15 01:38:50.964595,2021-12-15 01:38:40.838958,0.0,24.41,0.0,1029.5,51.3,5.43,4.67,
761,2021-12-15 01:41:02.208102,2021-12-15 01:40:52.017138,0.0,34.18,0.0,1029.63,50.73,5.47,4.72,
762,2021-12-15 01:43:13.528447,2021-12-15 01:43:03.288008,0.0,29.3,0.0,1029.61,51.29,5.36,4.73,
763,2021-12-15 01:45:25.694862,2021-12-15 01:45:14.673479,0.0,24.41,0.0,1029.55,50.07,5.45,4.74,
764,2021-12-15 01:47:38.051614,2021-12-15 01:47:26.758751,0.0,19.53,0.0,1029.58,50.18,5.59,4.79,
765,2021-12-15 01:49:49.203985,2021-12-15 01:49:39.055188,0.0,24.41,0.0,1029.7,50.74,5.49,4.81,
766,2021-12-15 01:52:00.547132,2021-12-15 01:51:50.287418,0.0,24.41,0.0,1029.84,51.61,5.32,4.8,
767,2021-12-15 01:54:16.669758,2021-12-15 01:54:01.800960,0.0,19.53,0.0,1029.7,52.59,5.12,4.72,
768,2021-12-15 01:56:27.751526,2021-12-15 01:56:17.582694,0.0,29.3,0.0,1029.75,52.83,4.95,4.67,
769,2021-12-15 01:58:39.329452,2021-12-15 01:58:29.163766,0.0,29.3,0.0,1029.93,53.25,4.94,4.64,
770,2021-12-15 02:00:50.610073,2021-12-15 02:00:40.430548,0.0,24.41,0.0,1029.71,52.74,4.91,4.57,
771,2021-12-15 02:03:01.991208,2021-12-15 02:02:51.805196,0.0,19.53,0.0,1029.62,52.77,4.88,4.51,
772,2021-12-15 02:05:13.171128,2021-12-15 02:05:02.974926,0.0,19.53,0.0,1029.71,53.12,4.85,4.46,
773,2021-12-15 02:07:24.737083,2021-12-15 02:07:14.124399,0.0,24.41,0.0,1029.65,53.7,4.78,4.4,
774,2021-12-15 02:09:36.106525,2021-12-15 02:09:25.731149,0.0,24.41,0.0,1029.72,54.94,4.59,4.34,
775,2021-12-15 02:11:47.404455,2021-12-15 02:11:37.018635,0.0,29.3,0.0,1029.72,56.16,4.35,4.22,
776,2021-12-15 02:13:58.704970,2021-12-15 02:13:48.478220,0.0,24.41,0.0,1029.75,56.44,4.29,4.12,
777,2021-12-15 02:16:10.064996,2021-12-15 02:15:59.852452,0.0,24.41,0.0,1029.45,54.94,4.4,4.06,
778,2021-12-15 02:18:21.349796,2021-12-15 02:18:11.127315,0.0,24.41,0.0,1029.66,54.18,4.47,4.03,
779,2021-12-15 02:20:32.676033,2021-12-15 02:20:22.302820,0.0,19.53,0.0,1029.57,54.45,4.45,3.96,
780,2021-12-15 02:22:43.802737,2021-12-15 02:22:33.573296,0.0,24.41,0.0,1029.68,54.53,4.4,3.92,
781,2021-12-15 02:24:55.211268,2021-12-15 02:24:44.844970,0.0,24.41,0.0,1029.49,54.8,4.3,3.84,
782,2021-12-15 02:27:06.446335,2021-12-15 02:26:56.498442,0.0,24.41,0.0,1029.56,54.57,4.33,3.81,
783,2021-12-15 02:29:18.158390,2021-12-15 02:29:07.689386,0.0,29.3,0.0,1029.58,53.87,4.33,3.8,
784,2021-12-15 02:31:29.781903,2021-12-15 02:31:19.381270,0.0,24.41,0.0,1029.6,54.03,4.46,3.82,
785,2021-12-15 02:33:40.965606,2021-12-15 02:33:31.031600,0.0,24.41,0.0,1029.75,55.32,4.42,3.79,
786,2021-12-15 02:35:52.987141,2021-12-15 02:35:42.146111,0.0,24.41,0.0,1029.62,55.74,4.25,3.73,
787,2021-12-15 02:38:04.649544,2021-12-15 02:37:54.219362,0.0,24.41,0.0,1029.75,55.62,4.26,3.67,
788,2021-12-15 02:40:15.981671,2021-12-15 02:40:06.017194,0.0,24.41,0.0,1029.73,55.79,4.25,3.64,
789,2021-12-15 02:42:27.672098,2021-12-15 02:42:17.594730,0.0,24.41,0.0,1029.6,55.32,4.2,3.59,
790,2021-12-15 02:44:39.377677,2021-12-15 02:44:29.001377,0.0,24.41,0.0,1029.63,55.12,4.25,3.59,
791,2021-12-15 02:46:50.511569,2021-12-15 02:46:40.556654,0.0,29.3,0.0,1029.71,55.09,4.26,3.6,
792,2021-12-15 02:49:02.218900,2021-12-15 02:48:51.838645,0.0,24.41,0.0,1029.62,54.62,4.25,3.56,
793,2021-12-15 02:51:13.354392,2021-12-15 02:51:03.382467,0.0,24.41,0.0,1029.62,54.89,4.26,3.59,
794,2021-12-15 02:53:24.493561,2021-12-15 02:53:14.512311,0.0,24.41,0.0,1029.63,55.2,4.18,3.58,
795,2021-12-15 02:55:35.805819,2021-12-15 02:55:25.650696,0.0,24.41,0.0,1029.74,55.23,4.18,3.56,
796,2021-12-15 02:57:47.011010,2021-12-15 02:57:37.032838,0.0,24.41,0.0,1029.81,55.46,4.19,3.58,
797,2021-12-15 02:59:58.185833,2021-12-15 02:59:48.207532,0.0,29.3,0.0,1029.52,56.04,4.11,3.53,
798,2021-12-15 03:02:09.543432,2021-12-15 03:01:59.386774,0.0,24.41,0.0,1029.76,56.41,4.04,3.49,
799,2021-12-15 03:04:20.742516,2021-12-15 03:04:10.763972,0.0,24.41,0.0,1029.66,56.28,3.99,3.43,
800,2021-12-15 03:06:34.325826,2021-12-15 03:06:22.152117,0.0,24.41,0.0,1029.6,56.42,3.92,3.36,
801,2021-12-15 03:08:45.638142,2021-12-15 03:08:35.671744,0.0,24.41,0.0,1029.86,56.44,3.92,3.35,
802,2021-12-15 03:10:57.034790,2021-12-15 03:10:47.065666,0.0,19.53,0.0,1029.72,55.94,4.08,3.39,
803,2021-12-15 03:13:13.197397,2021-12-15 03:12:58.451264,0.0,24.41,0.0,1029.5,56.38,4.05,3.4,
804,2021-12-15 03:15:24.426158,2021-12-15 03:15:14.376302,0.0,19.53,0.0,1029.72,58.73,3.85,3.38,
805,2021-12-15 03:17:35.579550,2021-12-15 03:17:25.492328,0.0,24.41,0.0,1029.73,55.57,3.91,3.36,
806,2021-12-15 03:19:46.863068,2021-12-15 03:19:36.750425,0.0,24.41,0.0,1029.82,57.12,3.98,3.32,
807,2021-12-15 03:21:58.041461,2021-12-15 03:21:47.909276,0.0,19.53,0.0,1029.73,56.91,3.91,3.27,
808,2021-12-15 03:24:09.313919,2021-12-15 03:23:59.164007,0.0,29.3,0.0,1029.97,56.58,3.85,3.25,
809,2021-12-15 03:26:20.597124,2021-12-15 03:26:10.425651,0.0,24.41,0.0,1029.8,57.1,3.85,3.19,
810,2021-12-15 03:28:32.398506,2021-12-15 03:28:21.792288,0.0,14.65,0.0,1030.01,57.96,3.74,3.17,
811,2021-12-15 03:30:44.304852,2021-12-15 03:30:33.567872,0.0,29.3,0.0,1029.88,58.07,3.7,3.15,
812,2021-12-15 03:32:55.757538,2021-12-15 03:32:45.415685,0.0,24.41,0.0,1029.88,57.87,3.73,3.11,
813,2021-12-15 03:35:06.933009,2021-12-15 03:34:56.695653,0.0,24.41,0.0,1030.07,56.96,3.85,3.12,
814,2021-12-15 03:37:18.235159,2021-12-15 03:37:07.867623,0.0,24.41,0.0,1029.96,56.79,3.87,3.1,
815,2021-12-15 03:39:30.697633,2021-12-15 03:39:19.232125,0.0,19.53,0.0,1029.85,57.5,3.75,3.04,
816,2021-12-15 03:41:41.995747,2021-12-15 03:41:31.770045,0.0,24.41,0.0,1030.0,57.6,3.68,3.04,
817,2021-12-15 03:43:53.495838,2021-12-15 03:43:43.163880,0.0,19.53,0.0,1030.01,57.46,3.68,3.02,
818,2021-12-15 03:46:05.453768,2021-12-15 03:45:54.831726,0.0,29.3,0.0,1029.9,57.94,3.63,3.01,
819,2021-12-15 03:48:17.051174,2021-12-15 03:48:06.857476,0.0,24.41,0.0,1029.95,58.65,3.53,2.97,
820,2021-12-15 03:50:28.341054,2021-12-15 03:50:18.034404,0.0,24.41,0.0,1029.98,59.51,3.36,2.92,
821,2021-12-15 03:52:39.511920,2021-12-15 03:52:29.306757,0.0,24.41,0.0,1029.89,59.36,3.33,2.85,
822,2021-12-15 03:54:50.796209,2021-12-15 03:54:40.475881,0.0,24.41,0.0,1030.07,58.98,3.42,2.88,
823,2021-12-15 03:57:02.166751,2021-12-15 03:56:51.850308,0.0,24.41,0.0,1029.91,59.79,3.32,2.8,
824,2021-12-15 03:59:13.342203,2021-12-15 03:59:03.126292,0.0,34.18,0.0,1030.04,61.02,3.11,2.74,
825,2021-12-15 04:01:24.679594,2021-12-15 04:01:14.461368,0.0,24.41,0.0,1030.03,61.94,2.97,2.69,
826,2021-12-15 04:03:36.368815,2021-12-15 04:03:25.679816,0.0,24.41,0.0,1029.85,61.79,2.94,2.6,
827,2021-12-15 04:05:47.938178,2021-12-15 04:05:37.361760,0.0,24.41,0.0,1029.92,61.35,3.02,2.59,
828,2021-12-15 04:07:59.280904,2021-12-15 04:07:48.943755,0.0,19.53,0.0,1029.86,61.01,3.06,2.58,
829,2021-12-15 04:10:10.707003,2021-12-15 04:10:00.366128,0.0,24.41,0.0,1029.87,60.87,3.04,2.58,
830,2021-12-15 04:12:21.828196,2021-12-15 04:12:11.592714,0.0,24.41,0.0,1029.85,61.06,2.98,2.56,
831,2021-12-15 04:14:35.310856,2021-12-15 04:14:22.863032,0.0,24.41,0.0,1029.87,61.03,2.97,2.56,
832,2021-12-15 04:16:46.655551,2021-12-15 04:16:36.285594,0.0,24.41,0.0,1029.64,60.75,3.02,2.52,
833,2021-12-15 04:18:57.839853,2021-12-15 04:18:47.586933,0.0,29.3,0.0,1029.82,60.64,3.05,2.54,
834,2021-12-15 04:21:09.092548,2021-12-15 04:20:58.829909,0.0,24.41,0.0,1029.79,60.59,3.09,2.53,
835,2021-12-15 04:23:20.472707,2021-12-15 04:23:10.203486,0.0,29.3,0.0,1029.76,61.52,3.02,2.54,
836,2021-12-15 04:25:32.081043,2021-12-15 04:25:21.373317,0.0,24.41,0.0,1029.82,62.71,2.82,2.49,
837,2021-12-15 04:27:43.236823,2021-12-15 04:27:32.961443,0.0,24.41,0.0,1029.71,61.51,2.95,2.45,
838,2021-12-15 04:29:54.935745,2021-12-15 04:29:44.225893,0.0,24.41,0.0,1029.98,61.2,2.98,2.42,
839,2021-12-15 04:32:06.033744,2021-12-15 04:31:56.130098,0.0,19.53,0.0,1029.67,60.52,3.04,2.36,
840,2021-12-15 04:34:17.923199,2021-12-15 04:34:07.472057,0.0,24.41,0.0,1029.8,60.16,3.12,2.4,
841,2021-12-15 04:36:29.216658,2021-12-15 04:36:19.260840,0.0,19.53,0.0,1029.6,60.03,3.19,2.43,
842,2021-12-15 04:38:40.539286,2021-12-15 04:38:30.661570,0.0,24.41,0.0,1029.88,59.45,3.32,2.53,
843,2021-12-15 04:40:52.866470,2021-12-15 04:40:41.789086,0.0,24.41,0.0,1029.77,58.36,3.56,2.63,
844,2021-12-15 04:43:05.191345,2021-12-15 04:42:54.194101,0.0,24.41,0.0,1029.68,59.19,3.5,2.67,
845,2021-12-15 04:45:16.427039,2021-12-15 04:45:06.488541,0.0,24.41,0.0,1029.76,59.16,3.47,2.72,
846,2021-12-15 04:47:28.491056,2021-12-15 04:47:17.656178,0.0,24.41,0.0,1029.74,58.51,3.6,2.82,
847,2021-12-15 04:49:40.304811,2021-12-15 04:49:29.884748,0.0,24.41,0.0,1029.78,58.32,3.67,2.91,
848,2021-12-15 04:51:51.489533,2021-12-15 04:51:41.552714,0.0,24.41,0.0,1029.56,58.04,3.7,2.97,
849,2021-12-15 04:54:02.778379,2021-12-15 04:53:52.690580,0.0,24.41,0.0,1029.74,56.68,3.95,3.11,
850,2021-12-15 04:56:13.996613,2021-12-15 04:56:04.016826,0.0,24.41,0.0,1029.73,55.66,4.15,3.23,
851,2021-12-15 04:58:25.121863,2021-12-15 04:58:15.129114,0.0,24.41,0.0,1029.82,55.76,4.2,3.32,
852,2021-12-15 05:00:36.862469,2021-12-15 05:00:26.293480,0.0,24.41,0.0,1029.74,56.16,4.15,3.33,
853,2021-12-15 05:02:48.084880,2021-12-15 05:02:38.072510,0.0,19.53,0.0,1029.75,56.04,4.11,3.38,
854,2021-12-15 05:05:00.215323,2021-12-15 05:04:49.498107,0.0,19.53,0.0,1029.8,56.53,4.08,3.41,
855,2021-12-15 05:07:11.357489,2021-12-15 05:07:01.329105,0.0,24.41,0.0,1029.74,57.12,3.98,3.41,
856,2021-12-15 05:09:22.759751,2021-12-15 05:09:12.600727,0.0,19.53,0.0,1029.73,57.18,3.94,3.39,
857,2021-12-15 05:11:34.471120,2021-12-15 05:11:23.981998,0.0,24.41,0.0,1029.86,57.11,3.9,3.39,
858,2021-12-15 05:13:45.791144,2021-12-15 05:13:35.561962,0.0,29.3,0.0,1029.72,56.79,3.91,3.36,
859,2021-12-15 05:15:57.613722,2021-12-15 05:15:47.452168,0.0,24.41,0.0,1029.99,56.65,3.94,3.36,
860,2021-12-15 05:18:09.043392,2021-12-15 05:17:58.810866,0.0,29.3,0.0,1029.86,57.11,3.87,3.33,
861,2021-12-15 05:20:20.353737,2021-12-15 05:20:10.254790,0.0,24.41,0.0,1029.75,58.26,3.66,3.23,
862,2021-12-15 05:22:31.632067,2021-12-15 05:22:21.507354,0.0,24.41,0.0,1029.95,59.32,3.4,3.17,
863,2021-12-15 05:24:42.804496,2021-12-15 05:24:32.660681,0.0,29.3,0.0,1029.84,59.12,3.44,3.07,
864,2021-12-15 05:26:54.191518,2021-12-15 05:26:43.925802,0.0,19.53,0.0,1029.89,58.59,3.54,3.03,
865,2021-12-15 05:29:05.442243,2021-12-15 05:28:55.152043,0.0,29.3,0.0,1030.14,57.75,3.53,2.99,
866,2021-12-15 05:31:16.741341,2021-12-15 05:31:06.559406,0.0,24.41,0.0,1029.98,57.58,3.56,2.94,
867,2021-12-15 05:33:28.043648,2021-12-15 05:33:17.728289,0.0,19.53,0.0,1030.08,57.78,3.56,2.88,
868,2021-12-15 05:35:39.828509,2021-12-15 05:35:29.160382,0.0,24.41,0.0,1030.2,58.03,3.47,2.82,
869,2021-12-15 05:37:51.959926,2021-12-15 05:37:40.752643,0.0,19.53,0.0,1030.23,59.05,3.37,2.77,
870,2021-12-15 05:40:03.181179,2021-12-15 05:39:52.973702,0.0,24.41,0.0,1030.3,60.38,3.21,2.68,
871,2021-12-15 05:42:14.869763,2021-12-15 05:42:04.243679,0.0,24.41,0.0,1030.08,59.73,3.25,2.64,
872,2021-12-15 05:44:26.594698,2021-12-15 05:44:15.820344,0.0,24.41,0.0,1030.15,58.95,3.29,2.6,
873,2021-12-15 05:46:40.018526,2021-12-15 05:46:27.606972,0.0,24.41,0.0,1030.27,60.41,3.21,2.53,
874,2021-12-15 05:48:51.271028,2021-12-15 05:48:40.923796,0.0,24.41,0.0,1030.23,60.49,3.16,2.46,
875,2021-12-15 05:51:02.851073,2021-12-15 05:50:52.193592,0.0,24.41,0.0,1030.33,60.39,3.12,2.43,
876,2021-12-15 05:53:14.449877,2021-12-15 05:53:03.775714,0.0,24.41,0.0,1030.53,61.47,3.05,2.36,
877,2021-12-15 05:55:25.921362,2021-12-15 05:55:15.660316,0.0,24.41,0.0,1030.6,61.67,3.04,2.29,
878,2021-12-15 05:57:39.575958,2021-12-15 05:57:27.028571,0.0,29.3,0.0,1030.55,61.59,2.94,2.19,
879,2021-12-15 05:59:51.298495,2021-12-15 05:59:40.556151,0.0,24.41,0.0,1030.68,61.43,2.81,2.11,
880,2021-12-15 06:02:02.701410,2021-12-15 06:01:52.332612,0.0,24.41,0.0,1030.54,62.84,2.74,2.02,
881,2021-12-15 06:04:15.538052,2021-12-15 06:04:05.241741,0.0,24.41,0.0,1030.73,63.09,2.54,1.93,
882,2021-12-15 06:06:28.591012,2021-12-15 06:06:18.261758,0.0,29.3,0.0,1030.68,62.03,2.68,1.86,
883,2021-12-15 06:08:41.424428,2021-12-15 06:08:30.860579,0.0,29.3,0.0,1030.75,62.04,2.74,1.86,
884,2021-12-15 06:10:58.868095,2021-12-15 06:10:48.503304,0.0,24.41,0.0,1030.61,60.94,2.77,1.8,
885,2021-12-15 06:13:10.978562,2021-12-15 06:13:00.618556,0.0,24.41,0.0,1030.72,62.47,2.56,1.73,
886,2021-12-15 06:15:23.869929,2021-12-15 06:15:12.872845,0.0,24.41,0.0,1030.7,62.31,2.5,1.69,
887,2021-12-15 06:17:37.046547,2021-12-15 06:17:26.150886,0.0,24.41,0.0,1030.72,63.11,2.37,1.63,
888,2021-12-15 06:19:49.737983,2021-12-15 06:19:38.684094,0.0,24.41,0.0,1030.71,63.44,2.29,1.58,
889,2021-12-15 06:22:02.809966,2021-12-15 06:21:51.932350,0.0,29.3,0.0,1030.85,63.64,2.18,1.5,
890,2021-12-15 06:24:14.371571,2021-12-15 06:24:04.037774,0.0,24.41,0.0,1030.96,63.71,2.06,1.42,
891,2021-12-15 06:26:26.637338,2021-12-15 06:26:15.451546,0.0,19.53,0.0,1030.91,64.35,2.02,1.36,
892,2021-12-15 06:28:38.053717,2021-12-15 06:28:27.740350,0.0,29.3,0.0,1031.15,64.61,1.92,1.31,
893,2021-12-15 06:30:51.987401,2021-12-15 06:30:41.241977,0.0,24.41,0.01,1030.98,65.34,1.78,1.23,
894,2021-12-15 06:33:05.906005,2021-12-15 06:32:54.700085,0.0,24.41,0.01,1030.85,66.21,1.66,1.16,
895,2021-12-15 06:35:19.017770,2021-12-15 06:35:07.351211,0.0,24.41,0.01,1030.76,67.22,1.54,1.08,
896,2021-12-15 06:38:46.752510,2021-12-15 06:38:36.343551,0.0,19.53,0.02,1031.02,67.7,1.43,1.0,
897,2021-12-15 06:40:59.191529,2021-12-15 06:40:48.396283,0.0,24.41,0.03,1030.87,67.9,1.33,0.95,
898,2021-12-15 06:43:11.668876,2021-12-15 06:43:01.258476,0.0,19.53,0.05,1030.91,67.91,1.4,0.92,
899,2021-12-15 06:45:25.023240,2021-12-15 06:45:14.563266,0.0,29.3,0.07,1031.17,67.88,1.37,0.92,
900,2021-12-15 06:47:37.407592,2021-12-15 06:47:26.657860,0.0,24.41,0.08,1031.26,67.96,1.22,0.81,
901,2021-12-15 06:49:49.816341,2021-12-15 06:49:39.368996,0.0,29.3,0.1,1031.17,67.93,1.18,0.75,
902,2021-12-15 06:52:02.074907,2021-12-15 06:51:51.776282,0.0,24.41,0.14,1031.22,68.09,1.2,0.72,
903,2021-12-15 06:54:15.856058,2021-12-15 06:54:03.243796,0.0,24.41,0.18,1031.25,68.0,1.3,0.73,
904,2021-12-15 06:56:27.576361,2021-12-15 06:56:17.065710,0.0,24.41,0.23,1031.18,67.8,1.37,0.73,
905,2021-12-15 06:58:38.963448,2021-12-15 06:58:28.731375,0.0,24.41,0.29,1031.26,67.43,1.35,0.72,
906,2021-12-15 07:00:50.289277,2021-12-15 07:00:40.284606,0.0,19.53,0.35,1031.09,67.47,1.43,0.75,
907,2021-12-15 07:03:02.023931,2021-12-15 07:02:51.545561,0.0,24.41,0.43,1031.4,66.81,1.56,0.83,
908,2021-12-15 07:05:13.189279,2021-12-15 07:05:03.126706,0.0,24.41,0.52,1031.16,66.62,1.61,0.87,
909,2021-12-15 07:07:25.098101,2021-12-15 07:07:14.409330,0.0,24.41,0.62,1031.34,66.66,1.66,0.95,
910,2021-12-15 07:09:36.372171,2021-12-15 07:09:26.315681,0.0,24.41,0.73,1031.31,66.59,1.61,0.98,
911,2021-12-15 07:11:48.107207,2021-12-15 07:11:37.581694,0.0,29.3,0.84,1031.33,66.23,1.73,1.07,
912,2021-12-15 07:13:59.182021,2021-12-15 07:13:49.106900,0.0,29.3,0.96,1031.31,65.47,1.85,1.14,
913,2021-12-15 07:16:10.884186,2021-12-15 07:16:00.648863,0.0,34.18,1.11,1031.35,64.7,1.94,1.25,
914,2021-12-15 07:18:22.093737,2021-12-15 07:18:12.031416,0.0,19.53,1.24,1031.44,65.09,1.92,1.35,
915,2021-12-15 07:21:11.685899,2021-12-15 07:20:23.313896,0.0,29.3,1.35,1031.33,65.19,1.87,1.37,
916,2021-12-15 07:23:23.220693,2021-12-15 07:23:13.001101,0.0,24.41,1.5,1031.33,65.17,1.91,1.45,
917,2021-12-15 07:25:34.895696,2021-12-15 07:25:24.392134,0.0,24.41,1.61,1031.35,65.01,1.96,1.51,
918,2021-12-15 07:27:46.047232,2021-12-15 07:27:35.998955,0.0,29.3,1.73,1031.12,64.83,2.04,1.58,
919,2021-12-15 07:29:57.585325,2021-12-15 07:29:47.174074,0.0,34.18,1.84,1031.18,63.99,2.23,1.73,
920,2021-12-15 07:32:09.077716,2021-12-15 07:31:58.910488,0.0,24.41,1.96,1031.44,63.89,2.31,1.83,
921,2021-12-15 07:34:20.778709,2021-12-15 07:34:10.088317,0.0,29.3,2.06,1031.26,64.14,2.28,1.89,
922,2021-12-15 07:36:32.037114,2021-12-15 07:36:21.909766,0.0,29.3,2.18,1031.21,64.15,2.32,1.96,
923,2021-12-15 07:38:43.476001,2021-12-15 07:38:33.412170,0.0,24.41,2.27,1031.4,63.47,2.47,2.07,
924,2021-12-15 07:40:54.959872,2021-12-15 07:40:44.900126,0.0,24.41,2.4,1031.25,63.12,2.6,2.15,
925,2021-12-15 07:43:06.539846,2021-12-15 07:42:56.183836,0.0,24.41,2.49,1031.57,63.16,2.66,2.26,
926,2021-12-15 07:45:18.509090,2021-12-15 07:45:07.706194,0.0,29.3,2.58,1031.3,63.1,2.63,2.31,
927,2021-12-15 07:47:32.013764,2021-12-15 07:47:19.603082,0.0,29.3,2.68,1031.33,63.54,2.56,2.36,
928,2021-12-15 07:49:43.298251,2021-12-15 07:49:33.228297,0.0,29.3,2.79,1031.34,64.36,2.59,2.41,
929,2021-12-15 07:51:54.471301,2021-12-15 07:51:44.404031,0.0,29.3,2.9,1031.33,64.18,2.53,2.43,
930,2021-12-15 07:54:05.763070,2021-12-15 07:53:55.579168,0.0,34.18,3.0,1031.48,63.75,2.64,2.51,
931,2021-12-15 07:56:17.136832,2021-12-15 07:56:07.066754,0.0,29.3,3.11,1031.41,62.89,2.88,2.56,
932,2021-12-15 07:58:28.513282,2021-12-15 07:58:18.448604,0.0,29.3,3.23,1031.4,61.25,3.11,2.68,
933,2021-12-15 08:00:39.786477,2021-12-15 08:00:29.723376,0.0,34.18,3.34,1031.28,61.15,3.22,2.82,
934,2021-12-15 08:02:51.450206,2021-12-15 08:02:40.984532,0.0,29.3,3.46,1031.04,60.44,3.25,2.95,
935,2021-12-15 08:05:21.929007,2021-12-15 08:04:52.590616,0.0,29.3,3.62,1031.2,60.51,3.3,3.08,
936,2021-12-15 08:07:33.638001,2021-12-15 08:07:23.226496,0.0,29.3,3.82,1031.19,60.44,3.39,3.22,
937,2021-12-15 08:09:45.080121,2021-12-15 08:09:35.020397,0.0,34.18,4.03,1031.25,60.4,3.52,3.38,
938,2021-12-15 09:00:47.729839,2021-12-15 09:00:38.379363,0.0,43.95,16.96,1023.19,37.46,12.61,13.15,
939,2021-12-15 09:02:59.111361,2021-12-15 09:02:49.375781,0.0,48.83,16.4,1022.83,37.69,12.99,13.22,
940,2021-12-15 09:06:28.012679,2021-12-15 09:06:09.334602,0.0,48.83,16.77,1021.83,35.89,13.65,13.33,
941,2021-12-15 09:09:29.774688,2021-12-15 09:09:20.442224,0.0,48.83,16.87,1020.27,36.09,13.65,13.3,
942,2021-12-15 09:12:31.739093,2021-12-15 09:12:22.077151,0.0,48.83,17.51,1019.88,35.05,14.27,13.57,
943,2021-12-15 09:14:41.460293,2021-12-15 09:14:32.018028,0.0,53.71,17.14,1019.25,34.26,14.47,13.66,
944,2021-12-15 09:18:22.370640,2021-12-15 09:18:10.193326,0.0,48.83,17.14,1018.93,34.1,14.83,13.9,
945,2021-12-15 09:24:03.718501,2021-12-15 09:23:53.062801,0.0,48.83,17.42,1016.93,32.68,15.71,13.9,
946,2021-12-15 09:28:40.561281,2021-12-15 09:28:31.216658,0.0,48.83,17.42,1017.98,32.0,15.76,14.6,
947,2021-12-15 09:31:22.047547,2021-12-15 09:31:12.655418,0.0,48.83,17.23,1016.33,33.03,15.55,14.12,
948,2021-12-15 09:34:03.725645,2021-12-15 09:33:53.554130,0.0,53.71,17.14,1016.44,33.07,15.35,14.23,
949,2021-12-15 09:37:45.099608,2021-12-15 09:37:34.477067,0.0,53.71,15.11,1015.89,33.28,15.48,14.05,
950,2021-12-15 09:48:52.552254,2021-12-15 09:48:22.335545,0.0,48.83,15.67,1017.08,33.61,15.55,14.6,
951,2021-12-15 09:52:53.703626,2021-12-15 09:52:43.555526,0.0,48.83,16.87,1017.25,34.26,15.17,14.77,
952,2021-12-15 09:56:58.950793,2021-12-15 09:56:48.559979,0.0,43.95,16.59,1012.5,34.65,15.17,13.33,
